trial,prompt_id,melody,seed,position,R_at,coherence_mlsp,coherence_w2s,chroma_cos,clap,logmel_l1,coherence_firstnote,bce0,n_updates,runtime_s
dev-p00-ascending-s0,0,ascending,0,-1,,0.1295681063122923,0.0930232558139534,0.1781555861234665,0.08320251852273941,0.0,0.0,0.528880774974823,0,
dev-p00-ascending-s0,0,ascending,0,2,0.0962687954306602,0.1257861635220125,0.1162790697674418,0.3523314595222473,0.04647461697459221,1.7493325471878052,0.0232558139534883,0.3760236501693725,3,1.4612796306610107
dev-p00-ascending-s0,0,ascending,0,6,0.0955608487129211,0.124223602484472,0.1162790697674418,0.3810793757438659,0.05307537317276001,1.7497519254684448,0.0232558139534883,0.3693056106567383,3,1.4337544441223145
dev-p00-ascending-s0,0,ascending,0,10,0.094219222664833,0.1257861635220125,0.0975609756097561,0.3465904891490936,0.06698714196681976,1.7778092622756958,0.024390243902439,0.3770084083080292,3,1.435976266860962
dev-p00-ascending-s0,0,ascending,0,14,0.0923414751887321,0.1230283911671924,0.1904761904761904,0.3680656254291534,0.042183566838502884,1.5717971324920654,0.0,0.3846311271190643,3,1.4343929290771484
dev-p00-ascending-s0,0,ascending,0,18,0.0902128368616104,0.2718120805369127,0.1463414634146341,0.3191111981868744,0.05773158371448517,1.5549356937408447,0.0,0.3407101035118103,3,1.4356703758239746
dev-p00-ascending-s0,0,ascending,0,22,0.0906957313418388,0.1711409395973154,0.0465116279069767,0.3278054296970367,0.09538059681653976,1.359665036201477,0.0,0.4139232337474823,3,1.43609881401062
dev-p00-ascending-s0,0,ascending,0,26,0.1040151044726371,0.1338028169014084,0.0952380952380952,0.1887576580047607,0.07652877271175385,0.5328510403633118,0.0,0.4874160289764404,3,1.4350838661193848
dev-p00-ascending-s0,0,ascending,0,30,0.1462463587522506,0.134020618556701,0.0930232558139534,0.189511701464653,0.10843795537948608,0.5059993267059326,0.0,0.4710682928562164,3,1.4357688426971436
dev-p00-ascending-s0,0,ascending,0,34,0.2252847850322723,0.136518771331058,0.1162790697674418,0.1903165280818939,0.11690313369035721,0.4415571391582489,0.0,0.4660896956920624,3,1.435535907745361
dev-p00-ascending-s0,0,ascending,0,38,0.3110752701759338,0.1398601398601398,0.1162790697674418,0.1967592239379882,0.09753973037004471,0.4180727303028106,0.0,0.4518772065639496,3,1.4348745346069336
dev-p00-ascending-s0,0,ascending,0,42,0.3650629818439483,0.1333333333333333,0.1162790697674418,0.2030383497476577,0.0952407643198967,0.4193275868892669,0.0,0.4199463725090027,3,1.433671951293945
dev-p00-ascending-s0,0,ascending,0,46,0.3900294005870819,0.1333333333333333,0.0930232558139534,0.2060818970203399,0.10603216290473938,0.4536057114601135,0.0,0.3803470432758331,3,1.4344148635864258
dev-p00-ascending-s1,0,ascending,1,-1,,0.1382636655948553,0.131578947368421,0.1300779581069946,0.04991913214325905,0.0,0.0,0.5709613561630249,0,
dev-p00-ascending-s1,0,ascending,1,2,0.0989182442426681,0.349673202614379,0.0930232558139534,0.40247443318367,0.07317906618118286,2.0453054904937744,0.4883720930232558,0.4453909695148468,3,1.4328196048736572
dev-p00-ascending-s1,0,ascending,1,6,0.0981991216540336,0.3506493506493506,0.225,0.418545663356781,0.05368444323539734,2.0130324363708496,0.6,0.4377405047416687,3,1.432938575744629
dev-p00-ascending-s1,0,ascending,1,10,0.0967610701918602,0.3529411764705882,0.325,0.4152594208717346,0.06196022778749466,2.022456169128418,0.8,0.4411746263504028,3,1.433227777481079
dev-p00-ascending-s1,0,ascending,1,14,0.0945740416646003,0.3548387096774194,0.225,0.4280108511447906,0.09385904669761658,1.9991782903671265,0.575,0.4402728974819183,3,1.4340016841888428
dev-p00-ascending-s1,0,ascending,1,18,0.0925773158669471,0.390625,0.3076923076923077,0.4170441627502441,0.05865445360541344,1.876232385635376,0.2051282051282051,0.3874532580375671,3,1.432736873626709
dev-p00-ascending-s1,0,ascending,1,22,0.0952164083719253,0.1382636655948553,0.1282051282051282,0.1403008252382278,0.033833522349596024,1.410064697265625,0.0,0.5720328092575073,3,1.4354920387268066
dev-p00-ascending-s1,0,ascending,1,26,0.1071383282542228,0.1352201257861635,0.131578947368421,0.1558502614498138,0.025646861642599106,0.7296470403671265,0.0,0.5474244952201843,3,1.436943531036377
dev-p00-ascending-s1,0,ascending,1,30,0.1407685428857803,0.1373801916932907,0.1282051282051282,0.1363408267498016,0.050156451761722565,0.5119175910949707,0.0,0.5049728751182556,3,1.4345157146453855
dev-p00-ascending-s1,0,ascending,1,34,0.2324632853269577,0.1391585760517799,0.1282051282051282,0.1374687850475311,0.02464916929602623,0.4580484628677368,0.0,0.4793855249881744,3,1.4355309009552002
dev-p00-ascending-s1,0,ascending,1,38,0.3418480157852173,0.1382636655948553,0.1282051282051282,0.1402378380298614,0.02639269083738327,0.4538539946079254,0.0,0.4641661643981933,3,1.4353179931640625
dev-p00-ascending-s1,0,ascending,1,42,0.397848516702652,0.1382636655948553,0.131578947368421,0.1454016417264938,0.04743311181664467,0.4479898512363434,0.0,0.4322996735572815,3,1.4337637424468994
dev-p00-ascending-s1,0,ascending,1,46,0.4159343838691711,0.1387096774193548,0.131578947368421,0.1481694430112838,0.04348010569810867,0.4684007465839386,0.0,0.4010325372219085,3,1.4349184036254885
dev-p00-descending-s0,0,descending,0,-1,,0.0066445182724252,0.1162790697674418,0.1326479613780975,0.08320251852273941,0.0,0.0,0.5609769225120544,0,
dev-p00-descending-s0,0,descending,0,2,0.0962687954306602,0.3779761904761904,0.024390243902439,0.3724438846111297,0.030100475996732712,2.1663732528686523,0.0,0.3142916858196258,3,1.4330532550811768
dev-p00-descending-s0,0,descending,0,6,0.0955608487129211,0.3779761904761904,0.024390243902439,0.3782863616943359,0.05459911376237869,2.176461935043335,0.0,0.3131029307842254,3,1.4347903728485107
dev-p00-descending-s0,0,descending,0,10,0.094219222664833,0.5016077170418006,0.0714285714285714,0.436333417892456,0.0615730807185173,1.9152519702911377,0.0238095238095238,0.3187893033027649,3,1.4358866214752195
dev-p00-descending-s0,0,descending,0,14,0.0923414751887321,0.517799352750809,0.0714285714285714,0.4281975626945495,0.061251264065504074,1.779738426208496,0.1428571428571428,0.2996094822883606,3,1.4328956604003906
dev-p00-descending-s0,0,descending,0,18,0.0902128368616104,0.2079207920792079,0.025,0.4140577912330627,0.06322585046291351,1.7232807874679563,0.175,0.3076123297214508,3,1.4341073036193848
dev-p00-descending-s0,0,descending,0,22,0.0906957313418388,0.2941176470588235,0.1666666666666666,0.3262320160865783,0.08238126337528229,1.4511702060699463,0.0,0.3976348042488098,3,1.4332785606384275
dev-p00-descending-s0,0,descending,0,26,0.1040151044726371,0.0034482758620689,0.1219512195121951,0.1776317507028579,0.0772312730550766,0.5808840394020081,0.0,0.5009486675262451,3,1.434575080871582
dev-p00-descending-s0,0,descending,0,30,0.1462463587522506,0.0034364261168384,0.1219512195121951,0.1568943113088607,0.10412651300430298,0.5056894421577454,0.0,0.4878491163253784,3,1.4336962699890137
dev-p00-descending-s0,0,descending,0,34,0.2252847850322723,0.0034364261168384,0.1162790697674418,0.1395520716905594,0.10251018404960632,0.4434221684932709,0.0,0.4920119345188141,3,1.4327268600463867
dev-p00-descending-s0,0,descending,0,38,0.3110752701759338,0.0033333333333333,0.1162790697674418,0.1461119800806045,0.12120142579078674,0.4128889143466949,0.0,0.4781903922557831,3,1.4335973262786863
dev-p00-descending-s0,0,descending,0,42,0.3650629818439483,0.0066666666666666,0.1162790697674418,0.1482357829809188,0.0898296982049942,0.4416877627372741,0.0,0.4450171589851379,3,1.4336261749267578
dev-p00-descending-s0,0,descending,0,46,0.3900294005870819,0.010204081632653,0.1162790697674418,0.1553592085838318,0.1133170872926712,0.4727480411529541,0.0,0.4037525951862335,3,1.431344747543335
dev-p00-descending-s1,0,descending,1,-1,,0.1382636655948553,0.0789473684210526,0.1805491745471954,0.04991913214325905,0.0,0.0,0.5614876747131348,0,
dev-p00-descending-s1,0,descending,1,2,0.0989182442426681,0.2113564668769716,0.1463414634146341,0.4001444876194,0.04046844691038132,2.175696849822998,0.2195121951219512,0.4610290229320526,3,1.4323830604553225
dev-p00-descending-s1,0,descending,1,6,0.0981991216540336,0.2145110410094637,0.15,0.3956945240497589,0.049739353358745575,2.195454835891724,0.225,0.4637458622455597,3,1.432292938232422
dev-p00-descending-s1,0,descending,1,10,0.0967610701918602,0.210691823899371,0.175,0.3968639373779297,0.05654894560575485,2.187558174133301,0.225,0.464446097612381,3,1.433427810668945
dev-p00-descending-s1,0,descending,1,14,0.0945740416646003,0.2268041237113402,0.1875,0.3966069221496582,0.0378311350941658,2.130500555038452,0.59375,0.4753718972206116,3,1.4334609508514404
dev-p00-descending-s1,0,descending,1,18,0.0925773158669471,0.3666666666666666,0.238095238095238,0.482734203338623,0.06453926861286163,1.7809497117996216,0.1428571428571428,0.3795658051967621,3,1.4328372478485107
dev-p00-descending-s1,0,descending,1,22,0.0952164083719253,0.1378205128205128,0.125,0.2346428483724594,0.012481562793254852,0.9684802889823914,0.025,0.5377156734466553,3,1.4334561824798584
dev-p00-descending-s1,0,descending,1,26,0.1071383282542228,0.1352201257861635,0.1794871794871795,0.1997048109769821,0.04618152230978012,0.6963221430778503,0.0,0.5347374081611633,3,1.4342005252838137
dev-p00-descending-s1,0,descending,1,30,0.1407685428857803,0.1378205128205128,0.0789473684210526,0.1883886754512787,0.04488718882203102,0.4878116250038147,0.0,0.5096796154975891,3,1.4325840473175049
dev-p00-descending-s1,0,descending,1,34,0.2324632853269577,0.1387096774193548,0.1025641025641025,0.1915859431028366,0.03871942684054375,0.4628423154354095,0.0,0.4837851822376251,3,1.4342703819274902
dev-p00-descending-s1,0,descending,1,38,0.3418480157852173,0.1378205128205128,0.0789473684210526,0.1861739754676818,0.026424571871757507,0.4445219337940216,0.0,0.4610229432582855,3,1.4341580867767334
dev-p00-descending-s1,0,descending,1,42,0.397848516702652,0.1387096774193548,0.0789473684210526,0.1944867968559265,0.031031042337417603,0.452584445476532,0.0,0.4285821914672851,3,1.4327688217163086
dev-p00-descending-s1,0,descending,1,46,0.4159343838691711,0.1400651465798045,0.0789473684210526,0.1973635852336883,0.02356570214033127,0.4883928596973419,0.0,0.3934570252895355,3,1.435863733291626
dev-p00-alternating-s0,0,alternating,0,-1,,0.2945736434108527,0.1621621621621621,0.2166011184453964,0.08320251852273941,0.0,0.0,0.4938519299030304,0,
dev-p00-alternating-s0,0,alternating,0,2,0.0962687954306602,0.2346570397111913,0.2702702702702703,0.4041457176208496,0.0704943910241127,1.821401000022888,0.5135135135135135,0.3920368552207947,3,1.4333300590515137
dev-p00-alternating-s0,0,alternating,0,6,0.0955608487129211,0.3665480427046263,0.2702702702702703,0.4106954336166382,0.04609748721122742,1.83196485042572,0.5135135135135135,0.3886587619781494,3,1.4345252513885498
dev-p00-alternating-s0,0,alternating,0,10,0.094219222664833,0.1573033707865168,0.3428571428571428,0.3939739763736725,0.04715524613857269,1.8471323251724243,0.5714285714285714,0.36442631483078,3,1.435448169708252
dev-p00-alternating-s0,0,alternating,0,14,0.0923414751887321,0.1857707509881423,0.25,0.3461617529392242,0.021761104464530945,1.690666437149048,0.5833333333333334,0.3747631013393402,3,1.4341638088226318
dev-p00-alternating-s0,0,alternating,0,18,0.0902128368616104,0.2705882352941176,0.375,0.4170441329479217,0.07067185640335083,1.4259737730026243,0.46875,0.3571070730686188,3,1.4356555938720703
dev-p00-alternating-s0,0,alternating,0,22,0.0906957313418388,0.2923076923076923,0.3333333333333333,0.3530276119709015,0.0679207444190979,1.3658701181411743,0.0,0.3886064291000366,3,1.4340417385101318
dev-p00-alternating-s0,0,alternating,0,26,0.1040151044726371,0.1544715447154471,0.2,0.2537245750427246,0.07886537164449692,0.5820549726486206,0.0,0.4579891264438629,3,1.435262680053711
dev-p00-alternating-s0,0,alternating,0,30,0.1462463587522506,0.3011583011583011,0.1891891891891892,0.2251218855381012,0.09158743172883987,0.4961055517196655,0.0,0.4375177025794983,3,1.434863805770874
dev-p00-alternating-s0,0,alternating,0,34,0.2252847850322723,0.189922480620155,0.2162162162162162,0.2316017597913742,0.10175930708646774,0.447673350572586,0.0,0.4334845840930938,3,1.4341933727264404
dev-p00-alternating-s0,0,alternating,0,38,0.3110752701759338,0.3011583011583011,0.2162162162162162,0.2315301448106765,0.09053964912891388,0.4158801436424255,0.0,0.4215171635150909,3,1.435405969619751
dev-p00-alternating-s0,0,alternating,0,42,0.3650629818439483,0.3011583011583011,0.2162162162162162,0.2336230427026748,0.07931343466043472,0.4362463653087616,0.0,0.3954865336418152,3,1.4346868991851809
dev-p00-alternating-s0,0,alternating,0,46,0.3900294005870819,0.2996108949416342,0.2162162162162162,0.2444294542074203,0.11350113153457642,0.4718885719776153,0.0,0.3576512634754181,3,1.433891773223877
dev-p00-alternating-s1,0,alternating,1,-1,,0.3208955223880597,0.25,0.2545253336429596,0.04991913214325905,0.0,0.0,0.4965783059597015,0,
dev-p00-alternating-s1,0,alternating,1,2,0.0989182442426681,0.3553113553113553,0.3142857142857143,0.519378125667572,0.016405127942562103,1.790929675102234,0.3714285714285714,0.3253701329231262,3,1.4335575103759766
dev-p00-alternating-s1,0,alternating,1,6,0.0981991216540336,0.3440860215053763,0.3142857142857143,0.5226919054985046,0.02312583103775978,1.7961939573287964,0.3714285714285714,0.3223939836025238,3,1.4342536926269531
dev-p00-alternating-s1,0,alternating,1,10,0.0967610701918602,0.3490909090909091,0.2857142857142857,0.5332890152931213,0.03542298078536987,1.8061180114746092,0.4,0.322402685880661,3,1.4342195987701416
dev-p00-alternating-s1,0,alternating,1,14,0.0945740416646003,0.3706563706563706,0.3142857142857143,0.5332266092300415,0.01220095157623291,1.781232237815857,0.3714285714285714,0.3242331743240356,3,1.4338500499725342
dev-p00-alternating-s1,0,alternating,1,18,0.0925773158669471,0.3307692307692307,0.3125,0.4307089149951935,0.006874285638332367,1.624285101890564,0.4375,0.3766006827354431,3,1.4326732158660889
dev-p00-alternating-s1,0,alternating,1,22,0.0952164083719253,0.3003663003663003,0.2424242424242424,0.2800106406211853,0.01884067803621292,1.2543641328811646,0.0,0.4528720080852508,3,1.4335761070251465
dev-p00-alternating-s1,0,alternating,1,26,0.1071383282542228,0.3127272727272727,0.15625,0.2889564335346222,0.011140517890453339,0.8479503989219666,0.0,0.436939388513565,3,1.433929443359375
dev-p00-alternating-s1,0,alternating,1,30,0.1407685428857803,0.3185185185185185,0.2424242424242424,0.2659092545509338,0.051844704896211624,0.528658926486969,0.0,0.4021914601325989,3,1.4329278469085691
dev-p00-alternating-s1,0,alternating,1,34,0.2324632853269577,0.3269961977186312,0.2424242424242424,0.2670310735702514,0.04089459404349327,0.4873206913471222,0.0,0.3882904946804046,3,1.4341824054718018
dev-p00-alternating-s1,0,alternating,1,38,0.3418480157852173,0.3233082706766917,0.25,0.2728966176509857,0.02364252507686615,0.465907484292984,0.0,0.3805900812149048,3,1.4340357780456543
dev-p00-alternating-s1,0,alternating,1,42,0.397848516702652,0.3208955223880597,0.25,0.2758304178714752,0.032051801681518555,0.4696249365806579,0.0,0.3576332926750183,3,1.4339137077331543
dev-p00-alternating-s1,0,alternating,1,46,0.4159343838691711,0.3257575757575757,0.25,0.2771618962287903,0.012334000319242477,0.495592325925827,0.0,0.3333782851696014,3,1.4331765174865725
dev-p00-pedal-s0,0,pedal,0,-1,,0.26578073089701,0.3720930232558139,0.2339930236339569,0.08320251852273941,0.0,0.6046511627906976,0.4964674115180969,0,
dev-p00-pedal-s0,0,pedal,0,2,0.0962687954306602,0.3745819397993311,0.1162790697674418,0.5074529647827148,0.04661494866013527,1.504548192024231,0.2093023255813953,0.2736515402793884,3,1.4314937591552734
dev-p00-pedal-s0,0,pedal,0,6,0.0955608487129211,0.3766666666666666,0.1162790697674418,0.505418598651886,0.04833319038152695,1.5082182884216309,0.2093023255813953,0.2762724459171295,3,1.4351081848144531
dev-p00-pedal-s0,0,pedal,0,10,0.094219222664833,0.3724832214765101,0.0930232558139534,0.5117198824882507,0.0713144838809967,1.5117188692092896,0.1860465116279069,0.2718144953250885,3,1.4351372718811035
dev-p00-pedal-s0,0,pedal,0,14,0.0923414751887321,0.3758389261744966,0.0930232558139534,0.5194753408432007,0.058146197348833084,1.5258684158325195,0.1860465116279069,0.2703940868377685,3,1.43412446975708
dev-p00-pedal-s0,0,pedal,0,18,0.0902128368616104,0.2302158273381295,0.073170731707317,0.4725168943405151,0.06281731277704239,1.43602192401886,0.2439024390243902,0.2824496924877167,3,1.4352385997772217
dev-p00-pedal-s0,0,pedal,0,22,0.0906957313418388,0.128526645768025,0.0,0.3730880916118622,0.08594594895839691,1.331778049468994,0.0,0.327862024307251,3,1.4344687461853027
dev-p00-pedal-s0,0,pedal,0,26,0.1040151044726371,0.2929292929292929,0.4358974358974359,0.2907502949237823,0.10277768224477768,0.6172228455543518,0.7692307692307693,0.4358222782611847,3,1.4351398944854736
dev-p00-pedal-s0,0,pedal,0,30,0.1462463587522506,0.2909698996655518,0.4186046511627907,0.2700459063053131,0.09359342604875565,0.46337890625,0.6511627906976745,0.4310009777545929,3,1.4351778030395508
dev-p00-pedal-s0,0,pedal,0,34,0.2252847850322723,0.288135593220339,0.3953488372093023,0.284318059682846,0.09137356281280518,0.4656552970409393,0.627906976744186,0.416688323020935,3,1.434089183807373
dev-p00-pedal-s0,0,pedal,0,38,0.3110752701759338,0.2857142857142857,0.3953488372093023,0.2804002165794372,0.08669750392436981,0.4296721220016479,0.627906976744186,0.3998750448226928,3,1.4347314834594729
dev-p00-pedal-s0,0,pedal,0,42,0.3650629818439483,0.2861952861952861,0.3953488372093023,0.2812952697277069,0.09177815914154053,0.4440802335739136,0.627906976744186,0.374165803194046,3,1.435333251953125
dev-p00-pedal-s0,0,pedal,0,46,0.3900294005870819,0.2885906040268456,0.4186046511627907,0.2884919345378876,0.11197303235530853,0.4782377183437347,0.6511627906976745,0.3403565585613251,3,1.433871507644653
dev-p00-pedal-s1,0,pedal,1,-1,,0.4887459807073955,0.4210526315789473,0.41950723528862,0.04991913214325905,0.0,1.0,0.4634200632572174,0,
dev-p00-pedal-s1,0,pedal,1,2,0.0989182442426681,0.658703071672355,0.4358974358974359,0.460947573184967,0.010347079485654831,1.3463091850280762,0.9487179487179488,0.3054197132587433,3,1.4327194690704346
dev-p00-pedal-s1,0,pedal,1,6,0.0981991216540336,0.6655172413793103,0.4358974358974359,0.4531637728214264,0.054423924535512924,1.3341341018676758,0.9487179487179488,0.3158502578735351,3,1.4328839778900146
dev-p00-pedal-s1,0,pedal,1,10,0.0967610701918602,0.7993311036789298,0.4594594594594595,0.4387727379798889,0.027434002608060837,1.3052870035171509,1.0,0.3096348941326141,3,1.4334185123443604
dev-p00-pedal-s1,0,pedal,1,14,0.0945740416646003,0.7896440129449838,0.4285714285714285,0.587374746799469,0.024283528327941895,1.2305160760879517,0.9523809523809524,0.3035950660705566,3,1.4338159561157229
dev-p00-pedal-s1,0,pedal,1,18,0.0925773158669471,0.6996587030716723,0.4615384615384615,0.5980484485626221,0.05097533389925957,0.8499554991722107,1.0,0.3288615643978119,3,1.4327962398529053
dev-p00-pedal-s1,0,pedal,1,22,0.0952164083719253,0.4967532467532468,0.4358974358974359,0.4788510501384735,0.06194624304771423,0.8333642482757568,1.0,0.353332906961441,3,1.4343903064727783
dev-p00-pedal-s1,0,pedal,1,26,0.1071383282542228,0.4935064935064935,0.4358974358974359,0.4539932906627655,0.03535391017794609,0.7308083772659302,1.0,0.3724908530712127,3,1.433746099472046
dev-p00-pedal-s1,0,pedal,1,30,0.1407685428857803,0.4935064935064935,0.4358974358974359,0.4373072683811188,0.033037275075912476,0.5458353757858276,1.0,0.384425014257431,3,1.4326131343841553
dev-p00-pedal-s1,0,pedal,1,34,0.2324632853269577,0.4935064935064935,0.4358974358974359,0.4370627403259277,0.03512538596987724,0.4817211627960205,1.0,0.3635481297969818,3,1.4341275691986084
dev-p00-pedal-s1,0,pedal,1,38,0.3418480157852173,0.4935064935064935,0.4210526315789473,0.4348360896110534,0.03379882499575615,0.4591282606124878,1.0,0.3488873541355133,3,1.4326303005218506
dev-p00-pedal-s1,0,pedal,1,42,0.397848516702652,0.4903225806451612,0.4210526315789473,0.4323773980140686,0.04045507311820984,0.4716463387012481,1.0,0.3257521688938141,3,1.4336915016174316
dev-p00-pedal-s1,0,pedal,1,46,0.4159343838691711,0.4887459807073955,0.4210526315789473,0.4441744685173034,0.03795207664370537,0.4723786115646362,1.0,0.2979247570037842,3,1.4339003562927246
dev-p00-zigzag-s0,0,zigzag,0,-1,,0.0830564784053156,0.0930232558139534,0.1645032316446304,0.08320251852273941,0.0,0.0,0.5667084455490112,0,
dev-p00-zigzag-s0,0,zigzag,0,2,0.0962687954306602,0.314878892733564,0.2631578947368421,0.4205171763896942,0.05625191703438759,1.5742990970611572,0.5526315789473685,0.4172156155109405,3,1.4317407608032229
dev-p00-zigzag-s0,0,zigzag,0,6,0.0955608487129211,0.3733333333333333,0.2926829268292683,0.4345015287399292,0.016418486833572388,1.6096056699752808,0.3658536585365853,0.4032780230045318,3,1.4337379932403564
dev-p00-zigzag-s0,0,zigzag,0,10,0.094219222664833,0.3122923588039867,0.275,0.4371685981750488,0.05857711285352707,1.6275259256362915,0.375,0.3998102247714996,3,1.4336936473846436
dev-p00-zigzag-s0,0,zigzag,0,14,0.0923414751887321,0.2691029900332226,0.2926829268292683,0.3588098585605621,0.06370580196380615,1.575963854789734,0.2439024390243902,0.4174647331237793,3,1.4321420192718506
dev-p00-zigzag-s0,0,zigzag,0,18,0.0902128368616104,0.1525423728813559,0.0232558139534883,0.2561278641223907,0.056821588426828384,1.6117796897888184,0.0232558139534883,0.3750687539577484,3,1.4340171813964844
dev-p00-zigzag-s0,0,zigzag,0,22,0.0906957313418388,0.1065292096219931,0.1219512195121951,0.1502419263124466,0.060435324907302856,1.1589244604110718,0.1951219512195122,0.510577380657196,3,1.4317255020141602
dev-p00-zigzag-s0,0,zigzag,0,26,0.1040151044726371,0.1533101045296167,0.1025641025641025,0.1945898383855819,0.1050356775522232,0.5882263779640198,0.0,0.5167984962463379,3,1.4336559772491455
dev-p00-zigzag-s0,0,zigzag,0,30,0.1462463587522506,0.1482758620689655,0.0952380952380952,0.1775009632110595,0.07870130240917206,0.4677494764328003,0.0,0.5168275833129883,3,1.4340956211090088
dev-p00-zigzag-s0,0,zigzag,0,34,0.2252847850322723,0.0753424657534246,0.0930232558139534,0.1799339056015014,0.10423597693443298,0.4156177639961242,0.0,0.5114920139312744,3,1.4320447444915771
dev-p00-zigzag-s0,0,zigzag,0,38,0.3110752701759338,0.0830564784053156,0.0930232558139534,0.1820720583200454,0.11217185109853745,0.4135410785675049,0.0,0.4907122552394867,3,1.433180809020996
dev-p00-zigzag-s0,0,zigzag,0,42,0.3650629818439483,0.1070234113712374,0.0930232558139534,0.198207214474678,0.09107072651386261,0.4335741698741913,0.0,0.4435692429542541,3,1.4344305992126465
dev-p00-zigzag-s0,0,zigzag,0,46,0.3900294005870819,0.1033333333333333,0.0930232558139534,0.1957416385412216,0.10201422870159149,0.4478369355201721,0.0,0.4068819284439087,3,1.4326298236846924
dev-p00-zigzag-s1,0,zigzag,1,-1,,0.202572347266881,0.2631578947368421,0.209066241979599,0.04991913214325905,0.0,0.0,0.5633490085601807,0,
dev-p00-zigzag-s1,0,zigzag,1,2,0.0989182442426681,0.4127659574468085,0.2439024390243902,0.3645274043083191,-0.01652534492313862,1.789359450340271,0.3414634146341463,0.4122345447540283,3,1.4329118728637695
dev-p00-zigzag-s1,0,zigzag,1,6,0.0981991216540336,0.2811244979919678,0.2439024390243902,0.3632357716560364,-0.01650720089673996,1.7629693746566772,0.3414634146341463,0.4164676368236542,3,1.4331157207489014
dev-p00-zigzag-s1,0,zigzag,1,10,0.0967610701918602,0.3119266055045872,0.2439024390243902,0.3593121469020843,-0.013551130890846252,1.7750701904296875,0.3414634146341463,0.4171579778194427,3,1.4344558715820312
dev-p00-zigzag-s1,0,zigzag,1,14,0.0945740416646003,0.3151750972762646,0.2702702702702703,0.3673544526100158,-0.018005672842264175,1.737385869026184,0.3783783783783784,0.4099688529968261,3,1.432677984237671
dev-p00-zigzag-s1,0,zigzag,1,18,0.0925773158669471,0.4601769911504424,0.2439024390243902,0.374843567609787,0.016997888684272766,1.7440825700759888,0.3414634146341463,0.4060482382774353,3,1.432835817337036
dev-p00-zigzag-s1,0,zigzag,1,22,0.0952164083719253,0.2088607594936709,0.2564102564102564,0.2180215269327163,0.01191825419664383,1.4223204851150513,0.0,0.5539560317993164,3,1.4334042072296145
dev-p00-zigzag-s1,0,zigzag,1,26,0.1071383282542228,0.194888178913738,0.1842105263157894,0.2239755392074585,0.030172035098075867,0.913028597831726,0.0,0.4888056516647339,3,1.4337196350097656
dev-p00-zigzag-s1,0,zigzag,1,30,0.1407685428857803,0.2012779552715655,0.2564102564102564,0.2261848300695419,0.047936249524354935,0.5333039164543152,0.0,0.4637409746646881,3,1.4321532249450684
dev-p00-zigzag-s1,0,zigzag,1,34,0.2324632853269577,0.2032258064516129,0.2564102564102564,0.2206259220838546,0.03540676087141037,0.4839800298213959,0.0,0.4471507966518402,3,1.4341599941253662
dev-p00-zigzag-s1,0,zigzag,1,38,0.3418480157852173,0.203883495145631,0.2631578947368421,0.219954252243042,0.028577104210853577,0.4439733624458313,0.0,0.4304966032505035,3,1.432426691055298
dev-p00-zigzag-s1,0,zigzag,1,42,0.397848516702652,0.203883495145631,0.2631578947368421,0.2196451723575592,0.03244578465819359,0.4510767161846161,0.0,0.3975306749343872,3,1.4342079162597656
dev-p00-zigzag-s1,0,zigzag,1,46,0.4159343838691711,0.2012987012987013,0.2631578947368421,0.2295318394899368,0.02392023801803589,0.4744503200054168,0.0,0.3648956716060638,3,1.4338972568511963
dev-p01-ascending-s0,1,ascending,0,-1,,0.2345679012345679,0.1578947368421052,0.36607825756073,0.18012286722660065,0.0,0.0,0.3239023089408874,0,
dev-p01-ascending-s0,1,ascending,0,2,0.098208412528038,0.2642857142857143,0.1052631578947368,0.4213995039463043,0.18042577803134918,0.8760677576065063,0.0,0.2847618460655212,3,1.4324252605438232
dev-p01-ascending-s0,1,ascending,0,6,0.0984529182314872,0.2693726937269373,0.1666666666666666,0.4407728016376495,0.1945703774690628,0.8798525333404541,0.0952380952380952,0.2679183185100555,3,1.4343395233154297
dev-p01-ascending-s0,1,ascending,0,10,0.0985372439026832,0.2605633802816901,0.0789473684210526,0.4213495552539825,0.19907447695732117,0.9187750816345216,0.0,0.2832659184932709,3,1.4326858520507812
dev-p01-ascending-s0,1,ascending,0,14,0.0988419502973556,0.2690909090909091,0.0789473684210526,0.4212866127490997,0.19755499064922333,0.8893101215362549,0.0,0.2850151658058166,3,1.4343256950378418
dev-p01-ascending-s0,1,ascending,0,18,0.1001013666391372,0.2508474576271186,0.1351351351351351,0.4038219153881073,0.20997348427772522,0.8584429621696472,0.0,0.2979044914245605,3,1.433680534362793
dev-p01-ascending-s0,1,ascending,0,22,0.1028928905725479,0.2584269662921348,0.1052631578947368,0.3934841454029083,0.20811191201210022,1.0492002964019775,0.0,0.2847163379192352,3,1.4331135749816897
dev-p01-ascending-s0,1,ascending,0,26,0.1121391803026199,0.2365145228215767,0.1891891891891892,0.3717764914035797,0.18022525310516357,0.8556578159332275,0.0,0.2865582704544067,3,1.433521747589111
dev-p01-ascending-s0,1,ascending,0,30,0.1558499932289123,0.2235294117647059,0.1578947368421052,0.3939601182937622,0.1937960386276245,0.5402829051017761,0.0,0.2790252864360809,3,1.4339425563812256
dev-p01-ascending-s0,1,ascending,0,34,0.2208889871835708,0.2270916334661354,0.1351351351351351,0.3841156959533691,0.19063951075077057,0.4465763568878174,0.0,0.2745791673660278,3,1.4331181049346924
dev-p01-ascending-s0,1,ascending,0,38,0.2688715159893036,0.2478632478632478,0.1351351351351351,0.3838834464550018,0.19055534899234772,0.4567351937294006,0.0,0.2653617560863495,3,1.4339420795440674
dev-p01-ascending-s0,1,ascending,0,42,0.291869968175888,0.2489451476793249,0.1351351351351351,0.4049935042858124,0.17229154706001282,0.4808986783027649,0.0,0.2500972747802734,3,1.432390213012695
dev-p01-ascending-s0,1,ascending,0,46,0.2988845705986023,0.2620087336244541,0.1351351351351351,0.402739405632019,0.19843310117721558,0.5092200040817261,0.0,0.2361081391572952,3,1.4342458248138428
dev-p01-ascending-s1,1,ascending,1,-1,,0.0310344827586206,0.1818181818181818,0.1808051019906997,0.20904028415679932,0.0,0.0909090909090909,0.4976086020469665,0,
dev-p01-ascending-s1,1,ascending,1,2,0.1008499786257743,0.4630350194552529,0.1666666666666666,0.467416375875473,0.18895241618156433,2.123241424560547,0.2142857142857142,0.2740643620491028,3,1.4308431148529053
dev-p01-ascending-s1,1,ascending,1,6,0.1011170446872711,0.536,0.1951219512195122,0.4666500091552734,0.19222275912761688,2.166177034378052,0.1463414634146341,0.2849094569683075,3,1.4345204830169678
dev-p01-ascending-s1,1,ascending,1,10,0.1013208478689193,0.5020080321285141,0.2093023255813953,0.440360277891159,0.18459585309028625,2.1401236057281494,0.1395348837209302,0.288026362657547,3,1.434579849243164
dev-p01-ascending-s1,1,ascending,1,14,0.1014673188328743,0.4721189591078067,0.1627906976744186,0.4455185830593109,0.19839462637901306,2.130319595336914,0.2093023255813953,0.2751624584197998,3,1.4335787296295166
dev-p01-ascending-s1,1,ascending,1,18,0.1038555726408958,0.4242424242424242,0.1707317073170731,0.4966411292552948,0.20511874556541443,2.163183212280273,0.1463414634146341,0.239765003323555,3,1.4354281425476074
dev-p01-ascending-s1,1,ascending,1,22,0.1147793680429458,0.1623616236162361,0.2121212121212121,0.3292591273784637,0.1932145655155182,1.0819838047027588,0.1818181818181818,0.3437445759773254,3,1.4350204467773438
dev-p01-ascending-s1,1,ascending,1,26,0.1279965788125991,0.1985559566787003,0.1428571428571428,0.2590639889240265,0.2179042398929596,0.8073650002479553,0.3142857142857143,0.3713783621788025,3,1.4346225261688232
dev-p01-ascending-s1,1,ascending,1,30,0.149955928325653,0.0318021201413427,0.1666666666666666,0.1941938996315002,0.23922103643417358,0.5672109127044678,0.0833333333333333,0.4044924080371856,3,1.4354090690612793
dev-p01-ascending-s1,1,ascending,1,34,0.2041439712047577,0.0280701754385964,0.1818181818181818,0.202094167470932,0.24976810812950134,0.4327207505702972,0.0909090909090909,0.3964679539203644,3,1.4348695278167725
dev-p01-ascending-s1,1,ascending,1,38,0.2533850967884063,0.030716723549488,0.1621621621621621,0.1987008601427078,0.21910390257835388,0.4162412285804748,0.081081081081081,0.3777676224708557,3,1.4361538887023926
dev-p01-ascending-s1,1,ascending,1,42,0.2812545597553253,0.0348432055749128,0.1578947368421052,0.2053044587373733,0.2069939523935318,0.4150754809379577,0.0789473684210526,0.3580286502838135,3,1.434715986251831
dev-p01-ascending-s1,1,ascending,1,46,0.2916922271251678,0.0311418685121107,0.1578947368421052,0.217703104019165,0.21189738810062408,0.4322166442871094,0.0789473684210526,0.3353267312049866,3,1.434981346130371
dev-p01-descending-s0,1,descending,0,-1,,0.205761316872428,0.0526315789473684,0.2245919704437255,0.18012286722660065,0.0,0.0,0.3713666498661041,0,
dev-p01-descending-s0,1,descending,0,2,0.098208412528038,0.2313432835820895,0.0,0.3223248422145843,0.1984759420156479,0.9198643565177916,0.0,0.2635021209716797,3,1.4346859455108645
dev-p01-descending-s0,1,descending,0,6,0.0984529182314872,0.1344827586206896,0.1142857142857142,0.3023364841938019,0.1954820454120636,1.0052533149719238,0.0,0.2690157890319824,3,1.434211492538452
dev-p01-descending-s0,1,descending,0,10,0.0985372439026832,0.1298245614035087,0.1052631578947368,0.3032132983207702,0.2001170814037323,0.9957240223884584,0.0,0.2732346057891845,3,1.435575246810913
dev-p01-descending-s0,1,descending,0,14,0.0988419502973556,0.2029520295202952,0.1290322580645161,0.3184041976928711,0.17443859577178955,0.997374713420868,0.0,0.2747729420661926,3,1.4338974952697754
dev-p01-descending-s0,1,descending,0,18,0.1001013666391372,0.2569832402234637,0.0,0.3060028851032257,0.193231463432312,1.001525640487671,0.2972972972972973,0.2879979312419891,3,1.4330437183380127
dev-p01-descending-s0,1,descending,0,22,0.1028928905725479,0.2408026755852843,0.0263157894736842,0.2816852033138275,0.21470707654953003,1.0175801515579224,0.0526315789473684,0.2867586612701416,3,1.434037685394287
dev-p01-descending-s0,1,descending,0,26,0.1121391803026199,0.2344322344322344,0.0789473684210526,0.2838251292705536,0.17377333343029022,0.9034367203712464,0.0,0.3021599650382995,3,1.4335501194000244
dev-p01-descending-s0,1,descending,0,30,0.1558499932289123,0.3333333333333333,0.0588235294117647,0.2623643577098846,0.19631806015968323,0.5149593353271484,0.0,0.3067417740821838,3,1.43280029296875
dev-p01-descending-s0,1,descending,0,34,0.2208889871835708,0.2669683257918552,0.0526315789473684,0.2626083791255951,0.1754186451435089,0.4723248779773712,0.0,0.302279382944107,3,1.434305191040039
dev-p01-descending-s0,1,descending,0,38,0.2688715159893036,0.2535885167464115,0.0526315789473684,0.2635004222393036,0.18853886425495148,0.4612872302532196,0.0,0.2996153533458709,3,1.433410406112671
dev-p01-descending-s0,1,descending,0,42,0.291869968175888,0.2401746724890829,0.054054054054054,0.2588909268379211,0.18032130599021912,0.4776793718338012,0.0,0.286786139011383,3,1.4325079917907717
dev-p01-descending-s0,1,descending,0,46,0.2988845705986023,0.2307692307692307,0.0526315789473684,0.2647699415683746,0.1912771463394165,0.4922887980937958,0.0,0.2711973786354065,3,1.4329838752746582
dev-p01-descending-s1,1,descending,1,-1,,0.3482758620689655,0.0303030303030303,0.3192707896232605,0.20904028415679932,0.0,0.0909090909090909,0.4464797973632812,0,
dev-p01-descending-s1,1,descending,1,2,0.1008499786257743,0.2161172161172161,0.0789473684210526,0.3752322494983673,0.1988554298877716,1.6230652332305908,0.5,0.3752036392688751,3,1.4313499927520752
dev-p01-descending-s1,1,descending,1,6,0.1011170446872711,0.1929260450160771,0.125,0.3815927803516388,0.22294986248016357,1.572498798370361,0.525,0.3767991364002228,3,1.4350473880767822
dev-p01-descending-s1,1,descending,1,10,0.1013208478689193,0.1967213114754098,0.1052631578947368,0.3824991285800934,0.18923543393611908,1.580269694328308,0.5526315789473685,0.3747347593307495,3,1.4353408813476562
dev-p01-descending-s1,1,descending,1,14,0.1014673188328743,0.2395437262357414,0.1162790697674418,0.3616491258144378,0.2093195617198944,1.598844051361084,0.4651162790697674,0.3809191882610321,3,1.4335124492645264
dev-p01-descending-s1,1,descending,1,18,0.1038555726408958,0.2052980132450331,0.1,0.3598518669605255,0.1869111955165863,1.6210665702819824,0.375,0.3660266101360321,3,1.4348883628845217
dev-p01-descending-s1,1,descending,1,22,0.1147793680429458,0.4647302904564315,0.1282051282051282,0.3561251759529114,0.21014967560768127,1.1063579320907593,0.3333333333333333,0.3598636388778686,3,1.4362595081329346
dev-p01-descending-s1,1,descending,1,26,0.1279965788125991,0.4868421052631579,0.0454545454545454,0.3757668733596802,0.2159672975540161,0.6873489618301392,0.2272727272727272,0.3426959216594696,3,1.4340176582336426
dev-p01-descending-s1,1,descending,1,30,0.149955928325653,0.5115384615384615,0.0263157894736842,0.3588462769985199,0.2445768415927887,0.5757220983505249,0.0789473684210526,0.3313346803188324,3,1.4349348545074463
dev-p01-descending-s1,1,descending,1,34,0.2041439712047577,0.3642611683848797,0.0263157894736842,0.3423084616661072,0.21848532557487488,0.4399307370185852,0.0789473684210526,0.3548881113529205,3,1.4343032836914062
dev-p01-descending-s1,1,descending,1,38,0.2533850967884063,0.3581081081081081,0.0263157894736842,0.3407634496688843,0.22573843598365784,0.4213269650936126,0.0789473684210526,0.3426405787467956,3,1.4351654052734375
dev-p01-descending-s1,1,descending,1,42,0.2812545597553253,0.3583617747440273,0.027027027027027,0.3462944626808166,0.22869941592216492,0.4189445674419403,0.081081081081081,0.3162734508514404,3,1.435654878616333
dev-p01-descending-s1,1,descending,1,46,0.2916922271251678,0.3537414965986394,0.027027027027027,0.3483085632324219,0.2327708601951599,0.4350229501724243,0.081081081081081,0.2962626516819,3,1.4334678649902344
dev-p01-alternating-s0,1,alternating,0,-1,,0.0,0.0,0.2313966304063797,0.18012286722660065,0.0,0.0,0.3116109073162079,0,
dev-p01-alternating-s0,1,alternating,0,2,0.098208412528038,0.0694444444444444,0.2,0.327460914850235,0.17670811712741852,1.0400102138519287,0.0,0.2566026449203491,3,1.43373703956604
dev-p01-alternating-s0,1,alternating,0,6,0.0984529182314872,0.0678733031674208,0.2,0.3285355865955353,0.16852423548698425,1.0288594961166382,0.0,0.2557098865509033,3,1.4338572025299072
dev-p01-alternating-s0,1,alternating,0,10,0.0985372439026832,0.1928251121076233,0.2,0.36814945936203,0.17957746982574463,1.0881787538528442,0.0,0.2429870069026947,3,1.4348795413970947
dev-p01-alternating-s0,1,alternating,0,14,0.0988419502973556,0.1764705882352941,0.2105263157894736,0.3894047737121582,0.17979755997657776,1.1025158166885376,0.0,0.2419328540563583,3,1.435131311416626
dev-p01-alternating-s0,1,alternating,0,18,0.1001013666391372,0.2292490118577075,0.1333333333333333,0.3931117057800293,0.18844901025295258,1.08447003364563,0.0,0.2370983660221099,3,1.434436559677124
dev-p01-alternating-s0,1,alternating,0,22,0.1028928905725479,0.1275720164609053,0.0,0.387510597705841,0.17648419737815857,1.1452767848968506,0.0,0.2532462179660797,3,1.4352023601531982
dev-p01-alternating-s0,1,alternating,0,26,0.1121391803026199,0.2164502164502164,0.064516129032258,0.3298862874507904,0.19260141253471375,0.8060301542282104,0.064516129032258,0.2494858205318451,3,1.435617446899414
dev-p01-alternating-s0,1,alternating,0,30,0.1558499932289123,0.0869565217391304,0.0,0.2990683019161224,0.19366207718849182,0.52535080909729,0.0,0.2588596642017364,3,1.4343233108520508
dev-p01-alternating-s0,1,alternating,0,34,0.2208889871835708,0.0,0.0,0.2859538495540619,0.20419535040855408,0.4662286043167114,0.0,0.2579482793807983,3,1.4354248046875
dev-p01-alternating-s0,1,alternating,0,38,0.2688715159893036,0.0,0.0,0.2672329545021057,0.18486791849136353,0.4609535932540893,0.0,0.2514665126800537,3,1.435488224029541
dev-p01-alternating-s0,1,alternating,0,42,0.291869968175888,0.0,0.0,0.2727866470813751,0.17958298325538635,0.4740607738494873,0.0,0.2408791482448578,3,1.434330940246582
dev-p01-alternating-s0,1,alternating,0,46,0.2988845705986023,0.0,0.0,0.2708457410335541,0.18771399557590485,0.5024867653846741,0.0,0.2288716435432434,3,1.435641527175903
dev-p01-alternating-s1,1,alternating,1,-1,,0.2409638554216867,0.1481481481481481,0.3061501383781433,0.20904028415679932,0.0,0.1111111111111111,0.3867877423763275,0,
dev-p01-alternating-s1,1,alternating,1,2,0.1008499786257743,0.3008849557522124,0.3928571428571428,0.2988884747028351,0.19703534245491028,1.9323283433914185,0.3214285714285714,0.3382830917835235,3,1.4325473308563232
dev-p01-alternating-s1,1,alternating,1,6,0.1011170446872711,0.3739130434782609,0.3529411764705882,0.3478172421455383,0.21448588371276855,1.9446662664413448,0.2941176470588235,0.3286520540714264,3,1.5566668510437012
dev-p01-alternating-s1,1,alternating,1,10,0.1013208478689193,0.3467741935483871,0.3235294117647059,0.3651647865772247,0.20934107899665833,1.9269423484802248,0.2647058823529412,0.3111917972564697,3,1.4345471858978271
dev-p01-alternating-s1,1,alternating,1,14,0.1014673188328743,0.2874015748031496,0.2058823529411764,0.328355610370636,0.1908896118402481,1.7886871099472046,0.2941176470588235,0.2971148192882538,3,1.4343233108520508
dev-p01-alternating-s1,1,alternating,1,18,0.1038555726408958,0.2826086956521739,0.0714285714285714,0.3220597207546234,0.1872119903564453,1.838732361793518,0.0,0.3100089132785797,3,1.434035301208496
dev-p01-alternating-s1,1,alternating,1,22,0.1147793680429458,0.0987124463519313,0.1612903225806451,0.2889315783977508,0.20624199509620667,1.1250883340835571,0.1612903225806451,0.2960619330406189,3,1.433659553527832
dev-p01-alternating-s1,1,alternating,1,26,0.1279965788125991,0.4,0.15625,0.3627669215202331,0.18077272176742554,0.9826770424842834,0.34375,0.2820038795471191,3,1.4349594116210938
dev-p01-alternating-s1,1,alternating,1,30,0.149955928325653,0.3470319634703196,0.2,0.3520304262638092,0.23414194583892822,0.618097186088562,0.15,0.2843430936336517,3,1.4345054626464844
dev-p01-alternating-s1,1,alternating,1,34,0.2041439712047577,0.2539682539682539,0.125,0.339753657579422,0.2168947458267212,0.4628796279430389,0.09375,0.2865073382854461,3,1.4344687461853027
dev-p01-alternating-s1,1,alternating,1,38,0.2533850967884063,0.2549019607843137,0.125,0.3281501829624176,0.22979134321212769,0.4166656136512756,0.09375,0.2866443991661072,3,1.435211181640625
dev-p01-alternating-s1,1,alternating,1,42,0.2812545597553253,0.25,0.1290322580645161,0.330664575099945,0.21099506318569183,0.4244949221611023,0.0967741935483871,0.2719734907150268,3,1.4347784519195557
dev-p01-alternating-s1,1,alternating,1,46,0.2916922271251678,0.2510121457489878,0.1290322580645161,0.3330960273742676,0.21059809625148773,0.4307803511619568,0.0967741935483871,0.25489541888237,3,1.4339256286621094
dev-p01-pedal-s0,1,pedal,0,-1,,0.0,0.0,0.1747199594974517,0.18012286722660065,0.0,0.0,0.3910988271236419,0,
dev-p01-pedal-s0,1,pedal,0,2,0.098208412528038,0.37117903930131,0.0,0.425551563501358,0.2198866307735443,1.7266921997070312,0.3142857142857143,0.2463061064481735,3,1.4334661960601809
dev-p01-pedal-s0,1,pedal,0,6,0.0984529182314872,0.3858921161825726,0.0,0.4174144566059112,0.2020111382007599,1.7107335329055786,0.2894736842105263,0.2464585453271865,3,1.4333584308624268
dev-p01-pedal-s0,1,pedal,0,10,0.0985372439026832,0.4192139737991266,0.0,0.4106409251689911,0.2163769006729126,1.701053500175476,0.3142857142857143,0.2503946125507355,3,1.4353833198547363
dev-p01-pedal-s0,1,pedal,0,14,0.0988419502973556,0.3445692883895131,0.0,0.4185988306999206,0.20676422119140625,1.8224421739578247,0.3513513513513513,0.2274016439914703,3,1.434957504272461
dev-p01-pedal-s0,1,pedal,0,18,0.1001013666391372,0.3563218390804598,0.0,0.4334390461444855,0.16627120971679688,1.8567602634429927,0.3714285714285714,0.205274298787117,3,1.4336509704589844
dev-p01-pedal-s0,1,pedal,0,22,0.1028928905725479,0.0,0.0,0.254451036453247,0.1977638155221939,1.2503334283828735,0.0,0.2950384318828583,3,1.4351670742034912
dev-p01-pedal-s0,1,pedal,0,26,0.1121391803026199,0.0,0.0,0.2337986677885055,0.20209187269210815,0.7315064668655396,0.0,0.3173484802246094,3,1.4347641468048096
dev-p01-pedal-s0,1,pedal,0,30,0.1558499932289123,0.0,0.0,0.2053762525320053,0.19903045892715454,0.5107350945472717,0.0,0.3163229525089264,3,1.433933973312378
dev-p01-pedal-s0,1,pedal,0,34,0.2208889871835708,0.0084388185654008,0.0,0.2067024111747741,0.20560115575790405,0.4829908907413482,0.0,0.3107028901576996,3,1.434967279434204
dev-p01-pedal-s0,1,pedal,0,38,0.2688715159893036,0.004,0.0,0.2123694121837616,0.18288686871528625,0.4534879624843597,0.0,0.3017619252204895,3,1.43554425239563
dev-p01-pedal-s0,1,pedal,0,42,0.291869968175888,0.016,0.0,0.2095278799533844,0.17149987816810608,0.4779156148433685,0.0,0.2872318625450134,3,1.434037446975708
dev-p01-pedal-s0,1,pedal,0,46,0.2988845705986023,0.0483271375464684,0.0,0.2203688323497772,0.17957979440689087,0.5266867280006409,0.0,0.2692284882068634,3,1.435051202774048
dev-p01-pedal-s1,1,pedal,1,-1,,0.1310344827586207,0.0909090909090909,0.241851270198822,0.20904028415679932,0.0,0.3333333333333333,0.3775008916854858,0,
dev-p01-pedal-s1,1,pedal,1,2,0.1008499786257743,0.147410358565737,0.0606060606060606,0.3822888731956482,0.19857168197631836,1.699413776397705,0.0303030303030303,0.2821200788021087,3,1.4337687492370603
dev-p01-pedal-s1,1,pedal,1,6,0.1011170446872711,0.14,0.0625,0.3682058155536651,0.2036503553390503,1.7495673894882202,0.03125,0.2799018621444702,3,1.4356060028076172
dev-p01-pedal-s1,1,pedal,1,10,0.1013208478689193,0.1423076923076923,0.027027027027027,0.3891114890575409,0.1668020784854889,1.7130895853042605,0.027027027027027,0.2782279849052429,3,1.4358789920806885
dev-p01-pedal-s1,1,pedal,1,14,0.1014673188328743,0.1494252873563218,0.2051282051282051,0.3344351351261139,0.18863865733146667,1.4227349758148191,0.282051282051282,0.3072187304496765,3,1.4342775344848633
dev-p01-pedal-s1,1,pedal,1,18,0.1038555726408958,0.1379310344827586,0.0789473684210526,0.3350472450256347,0.21648754179477692,1.0512638092041016,0.2894736842105263,0.3003761172294616,3,1.435112714767456
dev-p01-pedal-s1,1,pedal,1,22,0.1147793680429458,0.15,0.1212121212121212,0.2807942032814026,0.24157185852527618,0.8893086910247803,0.3333333333333333,0.3332907259464264,3,1.4339799880981443
dev-p01-pedal-s1,1,pedal,1,26,0.1279965788125991,0.2369477911646586,0.1,0.3803191184997558,0.22329336404800415,0.843961238861084,0.3333333333333333,0.2474216371774673,3,1.4357309341430664
dev-p01-pedal-s1,1,pedal,1,30,0.149955928325653,0.1532567049808429,0.131578947368421,0.3335296213626861,0.23099589347839355,0.6014401912689209,0.3157894736842105,0.2614581882953644,3,1.4347786903381348
dev-p01-pedal-s1,1,pedal,1,34,0.2041439712047577,0.1312056737588652,0.0909090909090909,0.2988390922546386,0.22779372334480286,0.453338474035263,0.3333333333333333,0.2733802795410156,3,1.4341883659362793
dev-p01-pedal-s1,1,pedal,1,38,0.2533850967884063,0.1314878892733564,0.081081081081081,0.2825208604335785,0.22579039633274078,0.4161435663700104,0.2972972972972973,0.2696757018566131,3,1.43438720703125
dev-p01-pedal-s1,1,pedal,1,42,0.2812545597553253,0.1310344827586207,0.081081081081081,0.2758368551731109,0.23783044517040253,0.4236402213573456,0.2972972972972973,0.2564840018749237,3,1.4351954460144043
dev-p01-pedal-s1,1,pedal,1,46,0.2916922271251678,0.1275862068965517,0.081081081081081,0.2765898406505584,0.23576948046684265,0.4310605823993683,0.2972972972972973,0.2388821840286255,3,1.4337999820709229
dev-p01-zigzag-s0,1,zigzag,0,-1,,0.0864197530864197,0.0,0.2693057358264923,0.18012286722660065,0.0,0.0,0.3396823108196258,0,
dev-p01-zigzag-s0,1,zigzag,0,2,0.098208412528038,0.2289562289562289,0.054054054054054,0.3310660421848297,0.18542025983333588,0.9127222895622252,0.054054054054054,0.273508608341217,3,1.434166669845581
dev-p01-zigzag-s0,1,zigzag,0,6,0.0984529182314872,0.2524271844660194,0.0,0.3492074906826019,0.23049746453762054,1.067177414894104,0.027027027027027,0.2767604887485504,3,1.4325318336486816
dev-p01-zigzag-s0,1,zigzag,0,10,0.0985372439026832,0.2524271844660194,0.0,0.3438003957271576,0.20425650477409363,1.012304186820984,0.0,0.287375807762146,3,1.4339032173156738
dev-p01-zigzag-s0,1,zigzag,0,14,0.0988419502973556,0.2568493150684932,0.0789473684210526,0.3320061266422272,0.20639780163764954,0.9124991297721864,0.0789473684210526,0.2820910811424255,3,1.4338791370391846
dev-p01-zigzag-s0,1,zigzag,0,18,0.1001013666391372,0.2546816479400749,0.0909090909090909,0.3368740379810333,0.2078990787267685,0.96455055475235,0.0909090909090909,0.281158447265625,3,1.4331583976745603
dev-p01-zigzag-s0,1,zigzag,0,22,0.1028928905725479,0.1338028169014084,0.0,0.3172376453876495,0.2109716832637787,0.8145621418952942,0.0,0.3084862232208252,3,1.4344677925109863
dev-p01-zigzag-s0,1,zigzag,0,26,0.1121391803026199,0.070631970260223,0.0,0.3030838668346405,0.20075255632400513,0.7231420874595642,0.0,0.2922218143939972,3,1.4342448711395264
dev-p01-zigzag-s0,1,zigzag,0,30,0.1558499932289123,0.1098039215686274,0.0,0.2989555299282074,0.17905834317207336,0.4846959412097931,0.0,0.2939771115779876,3,1.4327247142791748
dev-p01-zigzag-s0,1,zigzag,0,34,0.2208889871835708,0.1161825726141078,0.0,0.2922321856021881,0.19338130950927734,0.4538034498691559,0.0,0.2864792048931122,3,1.4339549541473389
dev-p01-zigzag-s0,1,zigzag,0,38,0.2688715159893036,0.108433734939759,0.0263157894736842,0.287781685590744,0.18651369214057922,0.4444341957569122,0.0,0.2782455384731293,3,1.4323980808258057
dev-p01-zigzag-s0,1,zigzag,0,42,0.291869968175888,0.0961538461538461,0.0,0.2954170703887939,0.19019383192062378,0.4684725105762481,0.0,0.2639640569686889,3,1.4335246086120603
dev-p01-zigzag-s0,1,zigzag,0,46,0.2988845705986023,0.0946969696969697,0.0,0.3062656223773956,0.1895562708377838,0.5090416669845581,0.0,0.2486274242401123,3,1.4336755275726318
dev-p01-zigzag-s1,1,zigzag,1,-1,,0.0413793103448275,0.0606060606060606,0.1868219226598739,0.20904028415679932,0.0,0.0909090909090909,0.4884544312953949,0,
dev-p01-zigzag-s1,1,zigzag,1,2,0.1008499786257743,0.2780082987551867,0.0357142857142857,0.3499672710895538,0.18867380917072296,1.9535973072052,0.25,0.3108075261116028,3,1.430244207382202
dev-p01-zigzag-s1,1,zigzag,1,6,0.1011170446872711,0.2569169960474308,0.081081081081081,0.358201801776886,0.21046099066734314,1.9614837169647217,0.1351351351351351,0.3102209270000458,3,1.4340028762817385
dev-p01-zigzag-s1,1,zigzag,1,10,0.1013208478689193,0.2783018867924528,0.0,0.3581106960773468,0.2214854508638382,1.965016841888428,0.2222222222222222,0.3015970587730407,3,1.4339706897735596
dev-p01-zigzag-s1,1,zigzag,1,14,0.1014673188328743,0.2796934865900383,0.048780487804878,0.360404223203659,0.19367730617523193,1.9644888639450075,0.3414634146341463,0.3068111538887024,3,1.431901216506958
dev-p01-zigzag-s1,1,zigzag,1,18,0.1038555726408958,0.398576512455516,0.024390243902439,0.4609856307506561,0.18658751249313354,2.119462251663208,0.0,0.2414161264896392,3,1.4341833591461182
dev-p01-zigzag-s1,1,zigzag,1,22,0.1147793680429458,0.202127659574468,0.0,0.2829869389533996,0.20683881640434265,1.1018776893615725,0.1428571428571428,0.3762703239917755,3,1.4324429035186768
dev-p01-zigzag-s1,1,zigzag,1,26,0.1279965788125991,0.1963636363636363,0.0857142857142857,0.2636707127094269,0.1871258169412613,0.9000088572502136,0.1714285714285714,0.3892264366149902,3,1.4344170093536377
dev-p01-zigzag-s1,1,zigzag,1,30,0.149955928325653,0.1135531135531135,0.0789473684210526,0.2143436074256897,0.23994052410125732,0.6412109732627869,0.0789473684210526,0.3749887943267822,3,1.4342458248138428
dev-p01-zigzag-s1,1,zigzag,1,34,0.2041439712047577,0.0402930402930402,0.0606060606060606,0.2010181844234466,0.21935567259788513,0.4408348798751831,0.0909090909090909,0.3957847356796264,3,1.433234930038452
dev-p01-zigzag-s1,1,zigzag,1,38,0.2533850967884063,0.039426523297491,0.054054054054054,0.2076507359743118,0.2126038372516632,0.409880518913269,0.081081081081081,0.3768404424190521,3,1.433689832687378
dev-p01-zigzag-s1,1,zigzag,1,42,0.2812545597553253,0.0410958904109589,0.054054054054054,0.2100083827972412,0.19254601001739502,0.4215549230575561,0.081081081081081,0.3496761620044708,3,1.4337761402130127
dev-p01-zigzag-s1,1,zigzag,1,46,0.2916922271251678,0.0418118466898954,0.054054054054054,0.2184063047170639,0.19752010703086853,0.4293664991855621,0.081081081081081,0.3262045383453369,3,1.4334194660186768
dev-p02-ascending-s0,2,ascending,0,-1,,0.0728744939271255,0.16,0.2254153341054916,0.09447668492794037,0.0,0.0,0.3503113389015198,0,
dev-p02-ascending-s0,2,ascending,0,2,0.0967499911785125,0.0452830188679245,0.1666666666666666,0.282984972000122,0.08275836706161499,0.574741005897522,0.0238095238095238,0.2548698484897613,3,1.4339323043823242
dev-p02-ascending-s0,2,ascending,0,6,0.0963134914636612,0.0617760617760617,0.1904761904761904,0.2598698437213897,0.11616110801696777,0.5378490686416626,0.0238095238095238,0.2600664794445038,3,1.4341871738433838
dev-p02-ascending-s0,2,ascending,0,10,0.0953831002116203,0.0259740259740259,0.175,0.2648555338382721,0.13852187991142273,0.5428493022918701,0.0,0.2617073953151703,3,1.434699535369873
dev-p02-ascending-s0,2,ascending,0,14,0.0941400676965713,0.0505415162454873,0.15,0.2688540518283844,0.10252854228019714,0.5590134859085083,0.0,0.2645772695541382,3,1.4343643188476562
dev-p02-ascending-s0,2,ascending,0,18,0.0934439599514007,0.0533333333333333,0.0975609756097561,0.2613681852817535,0.1076928898692131,0.5957812070846558,0.0,0.2631670534610748,3,1.4351911544799805
dev-p02-ascending-s0,2,ascending,0,22,0.094296209514141,0.0876623376623376,0.119047619047619,0.2531495094299316,0.12248706817626953,0.6168795228004456,0.0238095238095238,0.2471078038215637,3,1.4328153133392334
dev-p02-ascending-s0,2,ascending,0,26,0.0988828837871551,0.0836653386454183,0.1212121212121212,0.2440200895071029,0.10247646272182465,0.5200019478797913,0.0,0.254070907831192,3,1.4344244003295898
dev-p02-ascending-s0,2,ascending,0,30,0.1236290261149406,0.0995670995670995,0.1666666666666666,0.2367658615112304,0.12932837009429932,0.4696599841117859,0.0,0.2478531301021576,3,1.4354064464569092
dev-p02-ascending-s0,2,ascending,0,34,0.1741711050271988,0.1004366812227074,0.16,0.2273091673851013,0.0922149196267128,0.4489898979663849,0.0,0.2396620810031891,3,1.4340322017669678
dev-p02-ascending-s0,2,ascending,0,38,0.2408148944377899,0.1097560975609756,0.2,0.2175211608409881,0.08409218490123749,0.4487724304199219,0.0,0.2234414368867874,3,1.432309627532959
dev-p02-ascending-s0,2,ascending,0,42,0.2913659811019897,0.1179039301310043,0.1875,0.2507287859916687,0.08049878478050232,0.4511149823665619,0.03125,0.1992101967334747,3,1.4343276023864746
dev-p02-ascending-s0,2,ascending,0,46,0.3161235749721527,0.1129032258064516,0.21875,0.2532752156257629,0.06998015940189362,0.47038733959198,0.0625,0.1676731407642364,3,1.4343252182006836
dev-p02-ascending-s1,2,ascending,1,-1,,0.1390134529147982,0.1162790697674418,0.275432288646698,0.102192722260952,0.0,0.0,0.3008286654949188,0,
dev-p02-ascending-s1,2,ascending,1,2,0.0989251509308815,0.1338582677165354,0.1395348837209302,0.284254252910614,0.10026030987501144,0.5456444621086121,0.0,0.2510874569416046,3,1.4325315952301023
dev-p02-ascending-s1,2,ascending,1,6,0.0981617420911789,0.164,0.1428571428571428,0.2811224162578583,0.08568377792835236,0.5510333776473999,0.0,0.2505515217781067,3,1.4337811470031738
dev-p02-ascending-s1,2,ascending,1,10,0.0965664982795715,0.1402214022140221,0.1395348837209302,0.2809573709964752,0.0957418829202652,0.5526244640350342,0.0,0.251249611377716,3,1.432657241821289
dev-p02-ascending-s1,2,ascending,1,14,0.0939964428544044,0.1290322580645161,0.1395348837209302,0.2810155153274536,0.10172885656356812,0.548828661441803,0.0,0.2490357309579849,3,1.4341742992401123
dev-p02-ascending-s1,2,ascending,1,18,0.0918824598193168,0.1023622047244094,0.1428571428571428,0.2774167954921722,0.08800477534532547,0.5389326810836792,0.0,0.2466965615749359,3,1.432530164718628
dev-p02-ascending-s1,2,ascending,1,22,0.0942488089203834,0.0964912280701754,0.1666666666666666,0.2760697603225708,0.14561539888381958,0.5534427165985107,0.0,0.2410342842340469,3,1.4339253902435305
dev-p02-ascending-s1,2,ascending,1,26,0.0996307358145713,0.1526104417670682,0.1162790697674418,0.2740160524845123,0.10081315040588379,0.5710549354553223,0.0,0.2389878183603286,3,1.4342079162597656
dev-p02-ascending-s1,2,ascending,1,30,0.1140642091631889,0.1553784860557769,0.1162790697674418,0.2785530388355255,0.09699740260839462,0.4918844103813171,0.0,0.2348137646913528,3,1.433107852935791
dev-p02-ascending-s1,2,ascending,1,34,0.1480774879455566,0.1714285714285714,0.1162790697674418,0.2800871431827545,0.09760238975286484,0.4397828876972198,0.0,0.228055253624916,3,1.4339425563812256
dev-p02-ascending-s1,2,ascending,1,38,0.1942101866006851,0.176954732510288,0.1162790697674418,0.2848103046417236,0.09333257377147675,0.4262678325176239,0.0,0.2193463593721389,3,1.4345672130584717
dev-p02-ascending-s1,2,ascending,1,42,0.2236196398735046,0.1434426229508196,0.1162790697674418,0.286600112915039,0.08816643804311752,0.4262193739414215,0.0,0.1983461230993271,3,1.4327964782714844
dev-p02-ascending-s1,2,ascending,1,46,0.2378811687231063,0.2072072072072072,0.1162790697674418,0.300984114408493,0.09680435061454773,0.4507306516170501,0.0,0.1612573564052581,3,1.4337458610534668
dev-p02-descending-s0,2,descending,0,-1,,0.0526315789473684,0.12,0.2028295993804931,0.09447668492794037,0.0,0.0,0.340059369802475,0,
dev-p02-descending-s0,2,descending,0,2,0.0967499911785125,0.1062271062271062,0.125,0.2993123829364776,0.13218224048614502,0.8675533533096313,0.0,0.2401552349328994,3,1.431373119354248
dev-p02-descending-s0,2,descending,0,6,0.0963134914636612,0.0628019323671497,0.075,0.2957496345043182,0.14373189210891724,0.884644627571106,0.0,0.2364652603864669,3,1.4336462020874023
dev-p02-descending-s0,2,descending,0,10,0.0953831002116203,0.0714285714285714,0.1428571428571428,0.27690389752388,0.11828465014696121,0.880782961845398,0.0238095238095238,0.2426976859569549,3,1.4338610172271729
dev-p02-descending-s0,2,descending,0,14,0.0941400676965713,0.0359712230215827,0.1666666666666666,0.2579569816589355,0.15330228209495544,0.8558372259140015,0.0476190476190476,0.2552143335342407,3,1.4329190254211426
dev-p02-descending-s0,2,descending,0,18,0.0934439599514007,0.116504854368932,0.0952380952380952,0.2368951439857483,0.1476583480834961,0.6877331137657166,0.0238095238095238,0.2670052349567413,3,1.4335672855377195
dev-p02-descending-s0,2,descending,0,22,0.094296209514141,0.0866141732283464,0.1538461538461538,0.2260428369045257,0.1451881229877472,0.6232551336288452,0.0,0.2737810015678406,3,1.4335722923278809
dev-p02-descending-s0,2,descending,0,26,0.0988828837871551,0.0572519083969465,0.125,0.2343475669622421,0.1336592137813568,0.5389813780784607,0.025,0.2599656283855438,3,1.432377576828003
dev-p02-descending-s0,2,descending,0,30,0.1236290261149406,0.0347826086956521,0.2,0.2252270877361297,0.08345634490251541,0.4963194131851196,0.0,0.2426004558801651,3,1.433804988861084
dev-p02-descending-s0,2,descending,0,34,0.1741711050271988,0.0434782608695652,0.125,0.21799236536026,0.0936257541179657,0.4452092349529266,0.0,0.2305379509925842,3,1.433250904083252
dev-p02-descending-s0,2,descending,0,38,0.2408148944377899,0.0566801619433198,0.1290322580645161,0.2191325724124908,0.09183959662914276,0.4460800886154175,0.0,0.2136804163455963,3,1.4353704452514648
dev-p02-descending-s0,2,descending,0,42,0.2913659811019897,0.0478260869565217,0.12,0.2229671478271484,0.080461286008358,0.4394300282001495,0.0,0.1857264935970306,3,1.4355766773223877
dev-p02-descending-s0,2,descending,0,46,0.3161235749721527,0.0566801619433198,0.09375,0.232239544391632,0.08666795492172241,0.4528816342353821,0.0,0.1538812220096588,3,1.434027910232544
dev-p02-descending-s1,2,descending,1,-1,,0.1434977578475336,0.1162790697674418,0.248877465724945,0.102192722260952,0.0,0.0,0.2808272540569305,0,
dev-p02-descending-s1,2,descending,1,2,0.0989251509308815,0.0815450643776824,0.1904761904761904,0.2619343996047973,0.07954846322536469,0.5483723282814026,0.0,0.2324199229478836,3,1.4340765476226809
dev-p02-descending-s1,2,descending,1,6,0.0981617420911789,0.0862068965517241,0.119047619047619,0.2640363872051239,0.06374497711658478,0.5717165470123291,0.0,0.2305025607347488,3,1.434621810913086
dev-p02-descending-s1,2,descending,1,10,0.0965664982795715,0.1095890410958904,0.1463414634146341,0.2561600804328918,0.074895478785038,0.556503415107727,0.0,0.2344671487808227,3,1.4350852966308594
dev-p02-descending-s1,2,descending,1,14,0.0939964428544044,0.1333333333333333,0.119047619047619,0.2701993882656097,0.07536861300468445,0.5517585873603821,0.0,0.2335086464881897,3,1.4353837966918943
dev-p02-descending-s1,2,descending,1,18,0.0918824598193168,0.1641791044776119,0.119047619047619,0.285012811422348,0.07653241604566574,0.6170004606246948,0.0,0.2298301458358764,3,1.433833122253418
dev-p02-descending-s1,2,descending,1,22,0.0942488089203834,0.1147540983606557,0.1162790697674418,0.2843707799911499,0.10372269153594971,0.6437290906906128,0.0,0.2277482151985168,3,1.435213327407837
dev-p02-descending-s1,2,descending,1,26,0.0996307358145713,0.146788990825688,0.1395348837209302,0.2758525311946869,0.08971647918224335,0.5785549283027649,0.0,0.2236641347408294,3,1.4351613521575928
dev-p02-descending-s1,2,descending,1,30,0.1140642091631889,0.1461187214611872,0.1395348837209302,0.2699513435363769,0.09741336107254028,0.5097359418869019,0.0,0.222517654299736,3,1.434338092803955
dev-p02-descending-s1,2,descending,1,34,0.1480774879455566,0.1441441441441441,0.1395348837209302,0.2638684213161468,0.11027733981609344,0.4349437952041626,0.0,0.2124954015016555,3,1.433749437332153
dev-p02-descending-s1,2,descending,1,38,0.1942101866006851,0.1458333333333333,0.1395348837209302,0.2690553963184356,0.1009565144777298,0.4306826293468475,0.0,0.195128783583641,3,1.435664415359497
dev-p02-descending-s1,2,descending,1,42,0.2236196398735046,0.1359649122807017,0.1395348837209302,0.2687573134899139,0.08629690110683441,0.4401406943798065,0.0,0.1722305417060852,3,1.4337756633758545
dev-p02-descending-s1,2,descending,1,46,0.2378811687231063,0.1493212669683258,0.1395348837209302,0.2886956036090851,0.09735075384378433,0.4646690487861633,0.0,0.1361449956893921,3,1.4349722862243652
dev-p02-alternating-s0,2,alternating,0,-1,,0.0147058823529411,0.0,0.1993877291679382,0.09447668492794037,0.0,0.0,0.3196484744548797,0,
dev-p02-alternating-s0,2,alternating,0,2,0.0967499911785125,0.0,0.0,0.2982052266597748,0.057688891887664795,0.6321450471878052,0.0,0.1562452018260955,3,1.4328749179840088
dev-p02-alternating-s0,2,alternating,0,6,0.0963134914636612,0.0,0.0,0.2930346727371216,0.06914066523313522,0.6071175336837769,0.0,0.1555097550153732,3,1.4349918365478516
dev-p02-alternating-s0,2,alternating,0,10,0.0953831002116203,0.0,0.0,0.2878890037536621,0.10663953423500061,0.5906532406806946,0.0,0.1657440066337585,3,1.4348280429840088
dev-p02-alternating-s0,2,alternating,0,14,0.0941400676965713,0.0,0.0,0.2857743799686432,0.09643791615962982,0.6036515235900879,0.0,0.1701365858316421,3,1.433525323867798
dev-p02-alternating-s0,2,alternating,0,18,0.0934439599514007,0.0,0.027027027027027,0.2924474775791168,0.11579766869544983,0.6017715930938721,0.027027027027027,0.1783023178577423,3,1.4355828762054443
dev-p02-alternating-s0,2,alternating,0,22,0.094296209514141,0.0035587188612099,0.0285714285714285,0.2849776148796081,0.09858687967061996,0.6510965824127197,0.0285714285714285,0.1749257743358612,3,1.434551239013672
dev-p02-alternating-s0,2,alternating,0,26,0.0988828837871551,0.0,0.0,0.2481013387441635,0.12625037133693695,0.5808051228523254,0.0,0.1729565411806106,3,1.4322307109832764
dev-p02-alternating-s0,2,alternating,0,30,0.1236290261149406,0.0106382978723404,0.1052631578947368,0.2182525396347046,0.07170679420232773,0.4986512362957001,0.0,0.1736589074134826,3,1.4355669021606443
dev-p02-alternating-s0,2,alternating,0,34,0.1741711050271988,0.0168539325842696,0.0,0.2166977673768997,0.09776660054922104,0.4670085906982422,0.0,0.1727187782526016,3,1.4339978694915771
dev-p02-alternating-s0,2,alternating,0,38,0.2408148944377899,0.0141509433962264,0.0,0.2157018184661865,0.09297455102205276,0.4618537425994873,0.0,0.1682018488645553,3,1.436068773269653
dev-p02-alternating-s0,2,alternating,0,42,0.2913659811019897,0.0149253731343283,0.0,0.2152830213308334,0.05960311368107796,0.4624975323677063,0.0,0.1541626900434494,3,1.435321569442749
dev-p02-alternating-s0,2,alternating,0,46,0.3161235749721527,0.0,0.0,0.2179454565048217,0.08244182914495468,0.4892874956130981,0.0,0.1323681622743606,3,1.433995008468628
dev-p02-alternating-s1,2,alternating,1,-1,,0.2850678733031674,0.2972972972972973,0.3174554705619812,0.102192722260952,0.0,0.0,0.2266820818185806,0,
dev-p02-alternating-s1,2,alternating,1,2,0.0989251509308815,0.0808510638297872,0.1428571428571428,0.3391659259796142,0.07808180153369904,0.6176581382751465,0.0,0.1637771725654602,3,1.433520793914795
dev-p02-alternating-s1,2,alternating,1,6,0.0981617420911789,0.0859375,0.1428571428571428,0.3325683772563934,0.09350027143955231,0.6185984015464783,0.0,0.163640484213829,3,1.434049129486084
dev-p02-alternating-s1,2,alternating,1,10,0.0965664982795715,0.075098814229249,0.1428571428571428,0.3423703610897064,0.09566555917263031,0.6025691628456116,0.0,0.1633360087871551,3,1.434699296951294
dev-p02-alternating-s1,2,alternating,1,14,0.0939964428544044,0.0860655737704918,0.1714285714285714,0.3442416787147522,0.0847826898097992,0.5978515148162842,0.0,0.1639114171266555,3,1.4355120658874512
dev-p02-alternating-s1,2,alternating,1,18,0.0918824598193168,0.0888888888888888,0.2285714285714285,0.3473105430603027,0.07333968579769135,0.5711849927902222,0.0,0.1654004901647567,3,1.4335768222808838
dev-p02-alternating-s1,2,alternating,1,22,0.0942488089203834,0.092526690391459,0.2285714285714285,0.343519926071167,0.10147952288389206,0.5763547420501709,0.0,0.1622318029403686,3,1.4362099170684814
dev-p02-alternating-s1,2,alternating,1,26,0.0996307358145713,0.2116182572614107,0.2222222222222222,0.3374864757061004,0.11996372044086456,0.5832077860832214,0.0,0.1549241095781326,3,1.4360816478729248
dev-p02-alternating-s1,2,alternating,1,30,0.1140642091631889,0.3,0.2972972972972973,0.3346291184425354,0.11150715500116348,0.5219125151634216,0.0,0.1525482088327407,3,1.4343509674072266
dev-p02-alternating-s1,2,alternating,1,34,0.1480774879455566,0.3,0.2702702702702703,0.3339124023914337,0.12222187966108322,0.4696352779865265,0.0,0.154825672507286,3,1.4341332912445068
dev-p02-alternating-s1,2,alternating,1,38,0.1942101866006851,0.3,0.2702702702702703,0.3339416682720184,0.10691545903682709,0.4436087906360626,0.0,0.1470865309238433,3,1.434969425201416
dev-p02-alternating-s1,2,alternating,1,42,0.2236196398735046,0.2684824902723735,0.2702702702702703,0.3245468139648437,0.1371011883020401,0.4485694169998169,0.0,0.1280936747789383,3,1.4342234134674072
dev-p02-alternating-s1,2,alternating,1,46,0.2378811687231063,0.3242009132420091,0.2702702702702703,0.3347235321998596,0.1105092465877533,0.4560778141021728,0.0,0.1049843654036521,3,1.4342334270477295
dev-p02-pedal-s0,2,pedal,0,-1,,0.0242914979757085,0.0,0.2418992519378662,0.09447668492794037,0.0,0.04,0.3850724101066589,0,
dev-p02-pedal-s0,2,pedal,0,2,0.0967499911785125,0.3283582089552239,0.4,0.4403320550918579,0.08597124367952347,0.7579448819160461,0.7,0.141969159245491,3,1.4332261085510254
dev-p02-pedal-s0,2,pedal,0,6,0.0963134914636612,0.3167701863354037,0.375,0.4373708665370941,0.0886831134557724,0.7547122836112976,0.7,0.1434669643640518,3,1.4357843399047852
dev-p02-pedal-s0,2,pedal,0,10,0.0953831002116203,0.3333333333333333,0.375,0.4398574531078338,0.05903766676783562,0.7386298179626465,0.7,0.1439622789621353,3,1.434124231338501
dev-p02-pedal-s0,2,pedal,0,14,0.0941400676965713,0.2361111111111111,0.3023255813953488,0.433524876832962,0.08549964427947998,0.7503970861434937,0.5581395348837209,0.1473651677370071,3,1.4353256225585938
dev-p02-pedal-s0,2,pedal,0,18,0.0934439599514007,0.2842639593908629,0.15,0.4596654176712036,0.0960160419344902,0.7229235768318176,0.625,0.1511560827493667,3,1.4358320236206057
dev-p02-pedal-s0,2,pedal,0,22,0.094296209514141,0.3677130044843049,0.238095238095238,0.3479617238044739,0.0995233803987503,0.7515345215797424,0.7619047619047619,0.1667018681764602,3,1.4343059062957764
dev-p02-pedal-s0,2,pedal,0,26,0.0988828837871551,0.0955882352941176,0.0909090909090909,0.2648097276687622,0.09350980818271637,0.6490743160247803,0.2727272727272727,0.1684404015541076,3,1.435659646987915
dev-p02-pedal-s0,2,pedal,0,30,0.1236290261149406,0.0653061224489796,0.04,0.2628961205482483,0.08379008620977402,0.5212460160255432,0.08,0.168122261762619,3,1.4356234073638916
dev-p02-pedal-s0,2,pedal,0,34,0.1741711050271988,0.051063829787234,0.04,0.265249103307724,0.04302915558218956,0.4918680489063263,0.16,0.1625701487064361,3,1.4344022274017334
dev-p02-pedal-s0,2,pedal,0,38,0.2408148944377899,0.0212765957446808,0.04,0.2691952884197235,0.05537457764148712,0.4788292050361633,0.12,0.1493266373872757,3,1.435025930404663
dev-p02-pedal-s0,2,pedal,0,42,0.2913659811019897,0.0283400809716599,0.03125,0.2734088897705078,0.09554044157266617,0.4881489276885986,0.03125,0.135792076587677,3,1.4351553916931152
dev-p02-pedal-s0,2,pedal,0,46,0.3161235749721527,0.0242914979757085,0.0,0.2792911231517792,0.06632936745882034,0.5120556354522705,0.0,0.1170586943626403,3,1.4340972900390625
dev-p02-pedal-s1,2,pedal,1,-1,,0.6098654708520179,0.4418604651162791,0.4795319736003876,0.102192722260952,0.0,0.9534883720930232,0.2461246997117996,0,
dev-p02-pedal-s1,2,pedal,1,2,0.0989251509308815,0.3654618473895582,0.4146341463414634,0.5174152255058289,0.11263082921504974,0.5501952767372131,0.7560975609756098,0.1417700052261352,3,1.4336318969726562
dev-p02-pedal-s1,2,pedal,1,6,0.0981617420911789,0.3714285714285714,0.4186046511627907,0.5247365832328796,0.1300259232521057,0.562004804611206,0.7441860465116279,0.1436760574579239,3,1.4341042041778564
dev-p02-pedal-s1,2,pedal,1,10,0.0965664982795715,0.33984375,0.3953488372093023,0.5339927077293396,0.12026489526033401,0.5742911100387573,0.7209302325581395,0.1411803811788559,3,1.4354052543640137
dev-p02-pedal-s1,2,pedal,1,14,0.0939964428544044,0.3259259259259259,0.3720930232558139,0.5385871529579163,0.14114691317081451,0.5397442579269409,0.6976744186046512,0.1380146443843841,3,1.437230110168457
dev-p02-pedal-s1,2,pedal,1,18,0.0918824598193168,0.3107142857142857,0.3720930232558139,0.5434531569480896,0.12234190106391907,0.5598565340042114,0.6976744186046512,0.1265130639076233,3,1.434480905532837
dev-p02-pedal-s1,2,pedal,1,22,0.0942488089203834,0.3397129186602871,0.3255813953488372,0.5393067002296448,0.1335642784833908,0.6276596188545227,0.627906976744186,0.120243452489376,3,1.4354491233825684
dev-p02-pedal-s1,2,pedal,1,26,0.0996307358145713,0.5535714285714286,0.4285714285714285,0.555332601070404,0.09191104769706726,0.6334712505340576,0.8809523809523809,0.1138034164905548,3,1.4340593814849854
dev-p02-pedal-s1,2,pedal,1,30,0.1140642091631889,0.5991735537190083,0.4761904761904761,0.5335983037948608,0.13401003181934357,0.5833346843719482,1.0,0.1106018498539924,3,1.4358739852905271
dev-p02-pedal-s1,2,pedal,1,34,0.1480774879455566,0.6455696202531646,0.4523809523809524,0.5225993394851685,0.10788878798484802,0.5178444385528564,0.9761904761904762,0.1185875907540321,3,1.435072660446167
dev-p02-pedal-s1,2,pedal,1,38,0.1942101866006851,0.6824644549763034,0.4418604651162791,0.5221565961837769,0.10309658199548721,0.475438505411148,0.9534883720930232,0.1119273006916046,3,1.4337220191955566
dev-p02-pedal-s1,2,pedal,1,42,0.2236196398735046,0.6,0.4418604651162791,0.5207006931304932,0.09702037274837494,0.4811174869537353,0.9534883720930232,0.0965327322483062,3,1.4350874423980713
dev-p02-pedal-s1,2,pedal,1,46,0.2378811687231063,0.5754385964912281,0.4418604651162791,0.5300366282463074,0.13353197276592255,0.4989626109600067,0.9534883720930232,0.0820499211549758,3,1.434436559677124
dev-p02-zigzag-s0,2,zigzag,0,-1,,0.020242914979757,0.04,0.1923689693212509,0.09447668492794037,0.0,0.0,0.3185248076915741,0,
dev-p02-zigzag-s0,2,zigzag,0,2,0.0967499911785125,0.0196721311475409,0.0465116279069767,0.2687592506408691,0.07512834668159485,0.5941978096961975,0.0232558139534883,0.2338261604309082,3,1.432908058166504
dev-p02-zigzag-s0,2,zigzag,0,6,0.0963134914636612,0.0254777070063694,0.0476190476190476,0.265047013759613,0.10387222468852997,0.6021836400032043,0.0,0.236563503742218,3,1.4341280460357666
dev-p02-zigzag-s0,2,zigzag,0,10,0.0953831002116203,0.0166112956810631,0.024390243902439,0.2513135075569153,0.06879487633705139,0.6058456897735596,0.024390243902439,0.2332611829042434,3,1.432652711868286
dev-p02-zigzag-s0,2,zigzag,0,14,0.0941400676965713,0.0426356589147286,0.05,0.2482954561710357,0.1067328155040741,0.606797456741333,0.025,0.2291095405817031,3,1.4348907470703125
dev-p02-zigzag-s0,2,zigzag,0,18,0.0934439599514007,0.0407407407407407,0.0294117647058823,0.2553265690803528,0.1283974051475525,0.657313883304596,0.0,0.229087695479393,3,1.434234619140625
dev-p02-zigzag-s0,2,zigzag,0,22,0.094296209514141,0.0287539936102236,0.0285714285714285,0.2530903816223144,0.10801122337579727,0.6867472529411316,0.0,0.2283892184495926,3,1.43286395072937
dev-p02-zigzag-s0,2,zigzag,0,26,0.0988828837871551,0.0338983050847457,0.0303030303030303,0.2247529178857803,0.11756176501512527,0.6131375432014465,0.0,0.2175775915384292,3,1.4344611167907717
dev-p02-zigzag-s0,2,zigzag,0,30,0.1236290261149406,0.0265486725663716,0.0,0.2085833698511123,0.1028861254453659,0.500920295715332,0.0,0.206588938832283,3,1.4339611530303955
dev-p02-zigzag-s0,2,zigzag,0,34,0.1741711050271988,0.0286885245901639,0.0,0.2108445018529892,0.07481451332569122,0.4532040357589721,0.0,0.1943508386611938,3,1.4326233863830566
dev-p02-zigzag-s0,2,zigzag,0,38,0.2408148944377899,0.0262008733624454,0.0,0.2116078436374664,0.10109900683164597,0.4406515657901764,0.0,0.1842338442802429,3,1.4341087341308594
dev-p02-zigzag-s0,2,zigzag,0,42,0.2913659811019897,0.0242914979757085,0.0,0.2152027934789657,0.06702597439289093,0.4602892696857452,0.0,0.165228009223938,3,1.4327630996704102
dev-p02-zigzag-s0,2,zigzag,0,46,0.3161235749721527,0.0283400809716599,0.0,0.2105860114097595,0.10811010748147964,0.4658609926700592,0.0,0.140084758400917,3,1.4337568283081057
dev-p02-zigzag-s1,2,zigzag,1,-1,,0.179372197309417,0.2325581395348837,0.3035476505756378,0.102192722260952,0.0,0.0,0.2384146451950073,0,
dev-p02-zigzag-s1,2,zigzag,1,2,0.0989251509308815,0.1282051282051282,0.0975609756097561,0.3198757171630859,0.09607132524251938,0.5801575779914856,0.0,0.2002155184745788,3,1.4336631298065186
dev-p02-zigzag-s1,2,zigzag,1,6,0.0981617420911789,0.136518771331058,0.0975609756097561,0.3230814933776855,0.09154525399208069,0.579004168510437,0.0,0.1998790055513382,3,1.43410062789917
dev-p02-zigzag-s1,2,zigzag,1,10,0.0965664982795715,0.1587301587301587,0.1219512195121951,0.3198030292987823,0.08293545246124268,0.560009777545929,0.0,0.1990317106246948,3,1.435793399810791
dev-p02-zigzag-s1,2,zigzag,1,14,0.0939964428544044,0.1498257839721254,0.1219512195121951,0.3175108432769775,0.09886342287063599,0.5613795518875122,0.0,0.1979493349790573,3,1.4343788623809814
dev-p02-zigzag-s1,2,zigzag,1,18,0.0918824598193168,0.1693548387096774,0.1463414634146341,0.3212473392486572,0.09882054477930069,0.5471640825271606,0.0,0.1957274079322815,3,1.4356534481048584
dev-p02-zigzag-s1,2,zigzag,1,22,0.0942488089203834,0.1469534050179211,0.1666666666666666,0.3146151900291443,0.11251772940158844,0.5495820641517639,0.0,0.1925406008958816,3,1.4355411529541016
dev-p02-zigzag-s1,2,zigzag,1,26,0.0996307358145713,0.1504424778761062,0.1162790697674418,0.3060755729675293,0.1096668615937233,0.520473062992096,0.0,0.1888303011655807,3,1.43393874168396
dev-p02-zigzag-s1,2,zigzag,1,30,0.1140642091631889,0.1724137931034483,0.1627906976744186,0.3207976222038269,0.1165371984243393,0.5064845085144043,0.0,0.181947574019432,3,1.435842752456665
dev-p02-zigzag-s1,2,zigzag,1,34,0.1480774879455566,0.1433691756272401,0.2093023255813953,0.3126372098922729,0.10449323058128357,0.4495601058006286,0.0,0.1777547746896743,3,1.435258150100708
dev-p02-zigzag-s1,2,zigzag,1,38,0.1942101866006851,0.1512915129151291,0.2093023255813953,0.3137505650520324,0.09212752431631088,0.4366933107376098,0.0,0.167859673500061,3,1.434554100036621
dev-p02-zigzag-s1,2,zigzag,1,42,0.2236196398735046,0.1547169811320754,0.1627906976744186,0.3251730799674988,0.08879382908344269,0.4410559237003326,0.0,0.1487724930047989,3,1.4354844093322754
dev-p02-zigzag-s1,2,zigzag,1,46,0.2378811687231063,0.16796875,0.1627906976744186,0.3444307148456573,0.1007116436958313,0.4579462707042694,0.0,0.1089730411767959,3,1.4358103275299072
dev-p03-ascending-s0,3,ascending,0,-1,,0.2394366197183098,0.0277777777777777,0.3480688035488128,0.2792515456676483,0.0,0.0277777777777777,0.2950583696365356,0,
dev-p03-ascending-s0,3,ascending,0,2,0.0948246344923973,0.2342342342342342,0.0930232558139534,0.4192356765270233,0.2684936821460724,1.1014127731323242,0.1162790697674418,0.2287280261516571,3,1.4330227375030518
dev-p03-ascending-s0,3,ascending,0,6,0.0931965857744216,0.2511210762331838,0.0263157894736842,0.4276906251907348,0.2640739381313324,1.0567690134048462,0.0526315789473684,0.2300719022750854,3,1.4341583251953125
dev-p03-ascending-s0,3,ascending,0,10,0.0902373269200325,0.3174603174603174,0.0,0.4220409393310547,0.2743123173713684,1.0824015140533447,0.0,0.2243809849023819,3,1.435679912567139
dev-p03-ascending-s0,3,ascending,0,14,0.0854791700839996,0.2161016949152542,0.0,0.4140653312206268,0.3012411296367645,1.1300443410873413,0.0263157894736842,0.2223070114850998,3,1.4357528686523438
dev-p03-ascending-s0,3,ascending,0,18,0.078162282705307,0.0680628272251308,0.0526315789473684,0.403746485710144,0.23921507596969604,1.1140680313110352,0.0,0.2433963119983673,3,1.4346835613250732
dev-p03-ascending-s0,3,ascending,0,22,0.0722560584545135,0.1243243243243243,0.0277777777777777,0.4400204420089721,0.2847723662853241,1.3719398975372314,0.0,0.1987552940845489,3,1.4356317520141602
dev-p03-ascending-s0,3,ascending,0,26,0.0838416591286659,0.2695035460992908,0.0789473684210526,0.4087922871112823,0.29435548186302185,0.8725618720054626,0.0526315789473684,0.211119994521141,3,1.4340529441833496
dev-p03-ascending-s0,3,ascending,0,30,0.1117575988173484,0.2585034013605442,0.1111111111111111,0.397885113954544,0.27467668056488037,0.6037535071372986,0.1388888888888889,0.2080866992473602,3,1.4326086044311523
dev-p03-ascending-s0,3,ascending,0,34,0.1492479145526886,0.3681318681318681,0.0,0.3780882060527801,0.3300755023956299,0.4674402177333832,0.0,0.2009893655776977,3,1.4341192245483398
dev-p03-ascending-s0,3,ascending,0,38,0.1916758865118026,0.3876404494382022,0.0833333333333333,0.3735505938529968,0.30358511209487915,0.4441164433956146,0.0833333333333333,0.1971320807933807,3,1.4345760345458984
dev-p03-ascending-s0,3,ascending,0,42,0.2189484238624572,0.3833333333333333,0.0,0.3689274489879608,0.29483458399772644,0.4478381872177124,0.0,0.1877510249614715,3,1.4333696365356443
dev-p03-ascending-s0,3,ascending,0,46,0.2324778586626052,0.3205741626794258,0.0,0.3672427535057068,0.2793003022670746,0.4650346636772156,0.0,0.1775601655244827,3,1.4338693618774414
dev-p03-ascending-s1,3,ascending,1,-1,,0.0736434108527131,0.15625,0.2167175710201263,0.3636620044708252,0.0,0.0,0.3553533554077148,0,
dev-p03-ascending-s1,3,ascending,1,2,0.0973232388496398,0.5289855072463768,0.0238095238095238,0.356588065624237,0.3667144179344177,1.1628999710083008,0.0,0.2087053656578064,3,1.4327869415283203
dev-p03-ascending-s1,3,ascending,1,6,0.0955623760819435,0.569811320754717,0.024390243902439,0.3553408980369568,0.3734229803085327,1.1677236557006836,0.0,0.2088928669691085,3,1.433922290802002
dev-p03-ascending-s1,3,ascending,1,10,0.0922195985913276,0.5123674911660777,0.0,0.3515042960643768,0.3561903238296509,1.1730997562408447,0.0,0.2105929106473922,3,1.4332313537597656
dev-p03-ascending-s1,3,ascending,1,14,0.0860815942287445,0.5649122807017544,0.0,0.3579786419868469,0.36328375339508057,1.161571979522705,0.0,0.1974642276763916,3,1.4340968132019043
dev-p03-ascending-s1,3,ascending,1,18,0.0761933326721191,0.5309446254071661,0.0,0.3689402341842651,0.3356429934501648,1.5014424324035645,0.0,0.1740231812000274,3,1.4350082874298096
dev-p03-ascending-s1,3,ascending,1,22,0.0670660361647605,0.5354609929078015,0.1395348837209302,0.4682382941246032,0.357454389333725,1.6620920896530151,0.0,0.1528400629758834,3,1.4342279434204102
dev-p03-ascending-s1,3,ascending,1,26,0.0656303614377975,0.0612244897959183,0.1627906976744186,0.2579338848590851,0.3369644284248352,0.945563554763794,0.0,0.2818000316619873,3,1.4355828762054443
dev-p03-ascending-s1,3,ascending,1,30,0.0672126188874244,0.1074074074074074,0.1463414634146341,0.2484751790761947,0.3947068154811859,0.6105117797851562,0.024390243902439,0.2564805746078491,3,1.4355251789093018
dev-p03-ascending-s1,3,ascending,1,34,0.0739511847496032,0.0846774193548387,0.1428571428571428,0.2363917380571365,0.4119066298007965,0.475225031375885,0.0,0.2540987730026245,3,1.4343833923339844
dev-p03-ascending-s1,3,ascending,1,38,0.09377121925354,0.0659722222222222,0.1428571428571428,0.2325072139501571,0.38931751251220703,0.4441766440868377,0.0,0.2532709538936615,3,1.4350898265838623
dev-p03-ascending-s1,3,ascending,1,42,0.1110355928540229,0.0775193798449612,0.1395348837209302,0.2309793680906295,0.3945643901824951,0.4473396837711334,0.0,0.2434850186109542,3,1.4340312480926514
dev-p03-ascending-s1,3,ascending,1,46,0.1202354952692985,0.0772200772200772,0.15625,0.2306222468614578,0.38803428411483765,0.453819990158081,0.0,0.2308104038238525,3,1.4358303546905518
dev-p03-descending-s0,3,descending,0,-1,,0.1784037558685446,0.1111111111111111,0.2836373150348663,0.2792515456676483,0.0,0.0277777777777777,0.3037709295749664,0,
dev-p03-descending-s0,3,descending,0,2,0.0948246344923973,0.2676579925650557,0.0769230769230769,0.3508394658565521,0.2559301257133484,0.960166037082672,0.1025641025641025,0.1965863555669784,3,1.4344398975372314
dev-p03-descending-s0,3,descending,0,6,0.0931965857744216,0.233695652173913,0.0,0.3248245418071747,0.30586081743240356,1.1130239963531494,0.0357142857142857,0.1907669603824615,3,1.4346437454223633
dev-p03-descending-s0,3,descending,0,10,0.0902373269200325,0.3508771929824561,0.0512820512820512,0.3164852857589721,0.25665611028671265,1.0688421726226809,0.0256410256410256,0.1937468200922012,3,1.4358057975769043
dev-p03-descending-s0,3,descending,0,14,0.0854791700839996,0.3076923076923077,0.0357142857142857,0.3485337793827057,0.26992303133010864,0.9365230202674866,0.1071428571428571,0.200659841299057,3,1.4346349239349363
dev-p03-descending-s0,3,descending,0,18,0.078162282705307,0.1843971631205673,0.0,0.3264709711074829,0.28475743532180786,1.198840618133545,0.0454545454545454,0.1994809359312057,3,1.435142993927002
dev-p03-descending-s0,3,descending,0,22,0.0722560584545135,0.2878787878787879,0.054054054054054,0.3223477900028229,0.3078157603740692,1.2374234199523926,0.054054054054054,0.2034040093421936,3,1.435471534729004
dev-p03-descending-s0,3,descending,0,26,0.0838416591286659,0.3034825870646766,0.0,0.2896963357925415,0.2953093647956848,0.8592574596405029,0.1111111111111111,0.2071352303028106,3,1.4343347549438477
dev-p03-descending-s0,3,descending,0,30,0.1117575988173484,0.3354037267080745,0.0,0.3102400600910187,0.30996572971343994,0.6222499012947083,0.0,0.2004792243242263,3,1.4357061386108398
dev-p03-descending-s0,3,descending,0,34,0.1492479145526886,0.3316582914572864,0.1538461538461538,0.3093510568141937,0.2958090305328369,0.4703280925750732,0.0769230769230769,0.2040306329727172,3,1.435814619064331
dev-p03-descending-s0,3,descending,0,38,0.1916758865118026,0.3963414634146341,0.0,0.3052646219730377,0.28422611951828003,0.4432150423526764,0.0,0.19910529255867,3,1.4327795505523682
dev-p03-descending-s0,3,descending,0,42,0.2189484238624572,0.2843601895734597,0.175,0.3058336079120636,0.2919207215309143,0.45069220662117,0.1,0.1895535588264465,3,1.4343202114105225
dev-p03-descending-s0,3,descending,0,46,0.2324778586626052,0.3248730964467005,0.0,0.3057006001472473,0.30074572563171387,0.460606187582016,0.0,0.176986813545227,3,1.4337549209594729
dev-p03-descending-s1,3,descending,1,-1,,0.127906976744186,0.15625,0.2562698423862457,0.3636620044708252,0.0,0.0,0.3595183491706848,0,
dev-p03-descending-s1,3,descending,1,2,0.0973232388496398,0.3516483516483517,0.0952380952380952,0.4454281032085418,0.3455330431461334,1.098549485206604,0.0,0.2526924312114715,3,1.433271408081055
dev-p03-descending-s1,3,descending,1,6,0.0955623760819435,0.3412162162162162,0.0952380952380952,0.4487857818603515,0.3202071189880371,1.0950212478637695,0.0,0.2596578896045685,3,1.4342520236968994
dev-p03-descending-s1,3,descending,1,10,0.0922195985913276,0.3919413919413919,0.1052631578947368,0.4482995867729187,0.3639324903488159,1.095209002494812,0.0,0.2513107657432556,3,1.4331085681915283
dev-p03-descending-s1,3,descending,1,14,0.0860815942287445,0.3978102189781022,0.1428571428571428,0.4233065247535705,0.3733578622341156,1.060154676437378,0.0,0.2454988062381744,3,1.433811902999878
dev-p03-descending-s1,3,descending,1,18,0.0761933326721191,0.4295081967213114,0.1951219512195122,0.4274086952209472,0.3566330671310425,1.3086565732955933,0.0,0.192246213555336,3,1.4340999126434326
dev-p03-descending-s1,3,descending,1,22,0.0670660361647605,0.4542372881355932,0.0526315789473684,0.4190773665904999,0.32840827107429504,1.697086215019226,0.0,0.1643427312374115,3,1.4312894344329834
dev-p03-descending-s1,3,descending,1,26,0.0656303614377975,0.2126245847176079,0.119047619047619,0.2589316368103027,0.3621724843978882,0.8910853266716003,0.0,0.2667858302593231,3,1.4341132640838623
dev-p03-descending-s1,3,descending,1,30,0.0672126188874244,0.1549815498154981,0.1219512195121951,0.277849942445755,0.39750993251800537,0.5722393989562988,0.0,0.2714070081710815,3,1.4322097301483154
dev-p03-descending-s1,3,descending,1,34,0.0739511847496032,0.2061068702290076,0.15625,0.2739332914352417,0.38084709644317627,0.4631116092205047,0.0,0.2591068148612976,3,1.4340486526489258
dev-p03-descending-s1,3,descending,1,38,0.09377121925354,0.21455938697318,0.1351351351351351,0.2659400701522827,0.3958761990070343,0.4412931799888611,0.0,0.2528431713581085,3,1.4341585636138916
dev-p03-descending-s1,3,descending,1,42,0.1110355928540229,0.2115384615384615,0.15625,0.2706055343151092,0.38768163323402405,0.4392190277576446,0.0,0.2402580678462982,3,1.4333741664886477
dev-p03-descending-s1,3,descending,1,46,0.1202354952692985,0.2093023255813953,0.15625,0.2707791626453399,0.39317357540130615,0.4565517902374267,0.0,0.2251583933830261,3,1.435044288635254
dev-p03-alternating-s0,3,alternating,0,-1,,0.1085714285714285,0.0333333333333333,0.3022587895393371,0.2792515456676483,0.0,0.0333333333333333,0.2915484011173248,0,
dev-p03-alternating-s0,3,alternating,0,2,0.0948246344923973,0.0941176470588235,0.1428571428571428,0.300181895494461,0.27986621856689453,1.0409116744995115,0.1428571428571428,0.1965973228216171,3,1.4333391189575195
dev-p03-alternating-s0,3,alternating,0,6,0.0931965857744216,0.0683229813664596,0.032258064516129,0.3005668818950653,0.3023947477340698,1.0426818132400513,0.032258064516129,0.2004552781581878,3,1.4325900077819824
dev-p03-alternating-s0,3,alternating,0,10,0.0902373269200325,0.0851063829787234,0.125,0.3106522858142853,0.2781769037246704,1.0495332479476929,0.03125,0.2003790736198425,3,1.4332361221313477
dev-p03-alternating-s0,3,alternating,0,14,0.0854791700839996,0.0883977900552486,0.08,0.3347647786140442,0.27871617674827576,0.9062824845314026,0.04,0.1973045468330383,3,1.4330201148986816
dev-p03-alternating-s0,3,alternating,0,18,0.078162282705307,0.2227979274611398,0.0333333333333333,0.3482811748981476,0.3096792697906494,1.0376381874084473,0.0333333333333333,0.2352415770292282,3,1.4341707229614258
dev-p03-alternating-s0,3,alternating,0,22,0.0722560584545135,0.2774193548387096,0.0333333333333333,0.3563628792762756,0.33320820331573486,1.0807924270629885,0.0333333333333333,0.2428665459156036,3,1.433732986450195
dev-p03-alternating-s0,3,alternating,0,26,0.0838416591286659,0.1757575757575757,0.032258064516129,0.3019551932811737,0.3118093013763428,0.8622380495071411,0.064516129032258,0.1956480592489242,3,1.4326765537261963
dev-p03-alternating-s0,3,alternating,0,30,0.1117575988173484,0.282051282051282,0.1,0.3220686614513397,0.27105674147605896,0.632864773273468,0.1333333333333333,0.1978884041309356,3,1.4340367317199707
dev-p03-alternating-s0,3,alternating,0,34,0.1492479145526886,0.1328671328671328,0.0344827586206896,0.317521870136261,0.2962918281555176,0.4722656011581421,0.0344827586206896,0.1973977237939834,3,1.4340333938598633
dev-p03-alternating-s0,3,alternating,0,38,0.1916758865118026,0.1417910447761194,0.0,0.3122178018093109,0.2900019884109497,0.4585318863391876,0.0,0.1947210431098938,3,1.4321670532226562
dev-p03-alternating-s0,3,alternating,0,42,0.2189484238624572,0.1438848920863309,0.0,0.3151823580265045,0.26643288135528564,0.4714822471141815,0.0,0.1874656975269317,3,1.4336600303649902
dev-p03-alternating-s0,3,alternating,0,46,0.2324778586626052,0.1319444444444444,0.0,0.3138084709644317,0.2782819867134094,0.4745640158653259,0.0,0.1797906160354614,3,1.4345698356628418
dev-p03-alternating-s1,3,alternating,1,-1,,0.0930232558139534,0.1923076923076923,0.2788218259811401,0.3636620044708252,0.0,0.0,0.3628519475460052,0,
dev-p03-alternating-s1,3,alternating,1,2,0.0973232388496398,0.2360515021459227,0.081081081081081,0.347872644662857,0.3539547920227051,1.1166576147079468,0.1081081081081081,0.203002318739891,3,1.432624340057373
dev-p03-alternating-s1,3,alternating,1,6,0.0955623760819435,0.3292682926829268,0.081081081081081,0.3629646003246307,0.35401850938796997,1.127122402191162,0.1081081081081081,0.2014194279909134,3,1.434363603591919
dev-p03-alternating-s1,3,alternating,1,10,0.0922195985913276,0.3347107438016529,0.1081081081081081,0.3801400661468506,0.3459172248840332,1.1355420351028442,0.1081081081081081,0.1997065097093582,3,1.5599422454833984
dev-p03-alternating-s1,3,alternating,1,14,0.0860815942287445,0.3333333333333333,0.0277777777777777,0.3720358610153198,0.3561551868915558,1.1129790544509888,0.0833333333333333,0.1953204125165939,3,1.4329588413238523
dev-p03-alternating-s1,3,alternating,1,18,0.0761933326721191,0.3650190114068441,0.0285714285714285,0.4089913368225097,0.38832882046699524,1.1278655529022217,0.0,0.1861632615327835,3,1.4334704875946045
dev-p03-alternating-s1,3,alternating,1,22,0.0670660361647605,0.273972602739726,0.3333333333333333,0.3756386637687683,0.34329164028167725,1.1616542339324951,0.0,0.1739866137504577,3,1.4320721626281738
dev-p03-alternating-s1,3,alternating,1,26,0.0656303614377975,0.0441767068273092,0.25,0.3062210977077484,0.39828503131866455,0.8993293046951294,0.1111111111111111,0.2513583302497864,3,1.4341132640838623
dev-p03-alternating-s1,3,alternating,1,30,0.0672126188874244,0.091743119266055,0.1714285714285714,0.3072063326835632,0.40128442645072937,0.6074004173278809,0.0285714285714285,0.2652437686920166,3,1.4330284595489502
dev-p03-alternating-s1,3,alternating,1,34,0.0739511847496032,0.1105990783410138,0.1944444444444444,0.2900514602661133,0.3971553444862366,0.4631212949752807,0.0,0.2619695365428924,3,1.4339144229888916
dev-p03-alternating-s1,3,alternating,1,38,0.09377121925354,0.1111111111111111,0.1923076923076923,0.2861451208591461,0.38880178332328796,0.4467992484569549,0.0,0.2555914521217346,3,1.4336390495300293
dev-p03-alternating-s1,3,alternating,1,42,0.1110355928540229,0.0905349794238683,0.1891891891891892,0.2876366674900055,0.37926751375198364,0.4517174065113067,0.0,0.24663607776165,3,1.4321839809417725
dev-p03-alternating-s1,3,alternating,1,46,0.1202354952692985,0.1095890410958904,0.1923076923076923,0.2832730710506439,0.37933602929115295,0.4609961807727813,0.0,0.2338732481002807,3,1.433884620666504
dev-p03-pedal-s0,3,pedal,0,-1,,0.1643192488262911,0.0,0.3060218095779419,0.2792515456676483,0.0,0.0833333333333333,0.321476012468338,0,
dev-p03-pedal-s0,3,pedal,0,2,0.0948246344923973,0.1329787234042553,0.0,0.3259777426719665,0.271106094121933,1.3544591665267944,0.1714285714285714,0.2716308236122131,3,1.4312336444854736
dev-p03-pedal-s0,3,pedal,0,6,0.0931965857744216,0.0913978494623656,0.0,0.3165196478366852,0.2704901099205017,1.299180030822754,0.0952380952380952,0.2697051167488098,3,1.433427810668945
dev-p03-pedal-s0,3,pedal,0,10,0.0902373269200325,0.1510416666666666,0.0,0.322434514760971,0.2804054617881775,1.3187025785446167,0.2058823529411764,0.2762760519981384,3,1.4337573051452637
dev-p03-pedal-s0,3,pedal,0,14,0.0854791700839996,0.2079646017699115,0.0277777777777777,0.3463860154151916,0.2937646210193634,0.9837544560432434,0.0277777777777777,0.2268505096435547,3,1.4325592517852783
dev-p03-pedal-s0,3,pedal,0,18,0.078162282705307,0.5029940119760479,0.1025641025641025,0.3232854306697845,0.2964160740375519,1.324630618095398,0.2051282051282051,0.2400947213172912,3,1.433598279953003
dev-p03-pedal-s0,3,pedal,0,22,0.0722560584545135,0.3571428571428571,0.0857142857142857,0.3425018787384033,0.31712979078292847,1.3847020864486694,0.2571428571428571,0.2546685636043548,3,1.4338536262512207
dev-p03-pedal-s0,3,pedal,0,26,0.0838416591286659,0.3469387755102041,0.0303030303030303,0.3463800549507141,0.3055657744407654,0.9369685053825378,0.1818181818181818,0.1935649067163467,3,1.432027816772461
dev-p03-pedal-s0,3,pedal,0,30,0.1117575988173484,0.384,0.0,0.323126882314682,0.2600705623626709,0.615103006362915,0.0512820512820512,0.1936467438936233,3,1.4338815212249756
dev-p03-pedal-s0,3,pedal,0,34,0.1492479145526886,0.3878787878787879,0.0,0.3353596031665802,0.3031316101551056,0.4842715561389923,0.0571428571428571,0.1967235654592514,3,1.431800365447998
dev-p03-pedal-s0,3,pedal,0,38,0.1916758865118026,0.3803680981595092,0.0,0.3347740471363067,0.2797377109527588,0.4619894325733185,0.0689655172413793,0.1956991106271743,3,1.4326579570770264
dev-p03-pedal-s0,3,pedal,0,42,0.2189484238624572,0.3147208121827411,0.025,0.3318823873996734,0.28054437041282654,0.4599862992763519,0.1,0.1880699247121811,3,1.4338958263397217
dev-p03-pedal-s0,3,pedal,0,46,0.2324778586626052,0.2889908256880734,0.0,0.3359033763408661,0.3064119517803192,0.478752076625824,0.09375,0.1761893033981323,3,1.433157205581665
dev-p03-pedal-s1,3,pedal,1,-1,,0.2170542635658914,0.3125,0.2738689482212066,0.3636620044708252,0.0,0.4375,0.3633617758750915,0,
dev-p03-pedal-s1,3,pedal,1,2,0.0973232388496398,0.3515625,0.3720930232558139,0.4047744572162628,0.39032089710235596,1.0793792009353638,0.5116279069767442,0.256951242685318,3,1.4329266548156738
dev-p03-pedal-s1,3,pedal,1,6,0.0955623760819435,0.3504273504273504,0.3720930232558139,0.4018338620662689,0.36538201570510864,1.0828417539596558,0.5116279069767442,0.2529653310775757,3,1.4336082935333252
dev-p03-pedal-s1,3,pedal,1,10,0.0922195985913276,0.315126050420168,0.4883720930232558,0.4291345477104187,0.3641650676727295,1.0464162826538086,0.4418604651162791,0.2545458972454071,3,1.4326188564300537
dev-p03-pedal-s1,3,pedal,1,14,0.0860815942287445,0.2985074626865671,0.4418604651162791,0.4344170093536377,0.3792036771774292,1.018268346786499,0.3720930232558139,0.2610213458538055,3,1.434436559677124
dev-p03-pedal-s1,3,pedal,1,18,0.0761933326721191,0.3436426116838488,0.4186046511627907,0.3995802998542785,0.3474308252334595,0.8931266665458679,0.3488372093023256,0.2592836022377014,3,1.4330546855926514
dev-p03-pedal-s1,3,pedal,1,22,0.0670660361647605,0.2064056939501779,0.2325581395348837,0.3296564221382141,0.3883637487888336,1.0155022144317627,0.2325581395348837,0.2221721112728119,3,1.4332501888275146
dev-p03-pedal-s1,3,pedal,1,26,0.0656303614377975,0.2945454545454545,0.4146341463414634,0.3497720062732696,0.36778080463409424,0.9066901206970216,0.5365853658536586,0.2086250185966491,3,1.4344110488891602
dev-p03-pedal-s1,3,pedal,1,30,0.0672126188874244,0.3060344827586206,0.3125,0.285464197397232,0.4193837642669678,0.5865614414215088,0.4375,0.2520565092563629,3,1.432687759399414
dev-p03-pedal-s1,3,pedal,1,34,0.0739511847496032,0.22265625,0.3125,0.2846149504184723,0.37967103719711304,0.4611693024635315,0.4375,0.2501218020915985,3,1.4341261386871338
dev-p03-pedal-s1,3,pedal,1,38,0.09377121925354,0.21455938697318,0.3125,0.2849349677562713,0.38278645277023315,0.4569818079471588,0.4375,0.2448945641517639,3,1.4339170455932615
dev-p03-pedal-s1,3,pedal,1,42,0.1110355928540229,0.2669491525423729,0.3125,0.2849379777908325,0.39084407687187195,0.4451419711112976,0.4375,0.2318897247314453,3,1.432243824005127
dev-p03-pedal-s1,3,pedal,1,46,0.1202354952692985,0.2754237288135593,0.3125,0.2826562523841858,0.3752221167087555,0.4589895904064178,0.4375,0.2177919745445251,3,1.4337437152862549
dev-p03-zigzag-s0,3,zigzag,0,-1,,0.0234741784037558,0.0555555555555555,0.1721779257059097,0.2792515456676483,0.0,0.0277777777777777,0.3475836217403412,0,
dev-p03-zigzag-s0,3,zigzag,0,2,0.0948246344923973,0.0078125,0.0256410256410256,0.2224031090736389,0.2947884202003479,1.0204230546951294,0.0256410256410256,0.2535239458084106,3,1.431645393371582
dev-p03-zigzag-s0,3,zigzag,0,6,0.0931965857744216,0.0172413793103448,0.0256410256410256,0.2283104807138443,0.31592023372650146,1.0252150297164917,0.0,0.2528826296329498,3,1.4339094161987305
dev-p03-zigzag-s0,3,zigzag,0,10,0.0902373269200325,0.0815450643776824,0.0,0.2322950959205627,0.3045773208141327,1.0330255031585691,0.0263157894736842,0.2526178359985351,3,1.4335589408874512
dev-p03-zigzag-s0,3,zigzag,0,14,0.0854791700839996,0.0,0.0555555555555555,0.2344691902399063,0.30883240699768066,1.1427018642425537,0.1111111111111111,0.2691393196582794,3,1.432593584060669
dev-p03-zigzag-s0,3,zigzag,0,18,0.078162282705307,0.1130434782608695,0.0555555555555555,0.2361505925655365,0.32059234380722046,1.3090070486068726,0.0277777777777777,0.254582405090332,3,1.4343466758728027
dev-p03-zigzag-s0,3,zigzag,0,22,0.0722560584545135,0.010204081632653,0.1111111111111111,0.2457945346832275,0.3151322305202484,1.223029851913452,0.0,0.275567889213562,3,1.4335947036743164
dev-p03-zigzag-s0,3,zigzag,0,26,0.0838416591286659,0.0651162790697674,0.1707317073170731,0.2331997007131576,0.3085121512413025,0.8970752358436584,0.0975609756097561,0.2558728456497192,3,1.4324965476989746
dev-p03-zigzag-s0,3,zigzag,0,30,0.1117575988173484,0.1455696202531645,0.1282051282051282,0.2289891093969345,0.29101285338401794,0.6217774152755737,0.1025641025641025,0.2533667385578155,3,1.4334721565246582
dev-p03-zigzag-s0,3,zigzag,0,34,0.1492479145526886,0.0621761658031088,0.0,0.2060904800891876,0.29833999276161194,0.4842807054519653,0.0,0.2537300288677215,3,1.43298077583313
dev-p03-zigzag-s0,3,zigzag,0,38,0.1916758865118026,0.018348623853211,0.03125,0.206068679690361,0.29968148469924927,0.4443092346191406,0.0,0.2467842400074005,3,1.4335150718688965
dev-p03-zigzag-s0,3,zigzag,0,42,0.2189484238624572,0.0104712041884816,0.03125,0.2004911303520202,0.3041258752346039,0.4565764665603637,0.0,0.2341110855340957,3,1.43444561958313
dev-p03-zigzag-s0,3,zigzag,0,46,0.2324778586626052,0.0407239819004524,0.03125,0.1973988264799118,0.3025420606136322,0.4685600101947784,0.0,0.2200967818498611,3,1.4322888851165771
dev-p03-zigzag-s1,3,zigzag,1,-1,,0.2558139534883721,0.0,0.3651409149169922,0.3636620044708252,0.0,0.0,0.347966194152832,0,
dev-p03-zigzag-s1,3,zigzag,1,2,0.0973232388496398,0.3237410071942446,0.0476190476190476,0.4404151737689972,0.36984556913375854,1.045434832572937,0.0,0.2094469964504242,3,1.4332218170166016
dev-p03-zigzag-s1,3,zigzag,1,6,0.0955623760819435,0.3275862068965517,0.1081081081081081,0.4331557154655456,0.3454256057739258,1.045033574104309,0.0,0.2076498419046402,3,1.4319908618927002
dev-p03-zigzag-s1,3,zigzag,1,10,0.0922195985913276,0.4530744336569579,0.131578947368421,0.441403865814209,0.4011378884315491,1.003165364265442,0.0,0.2048453837633133,3,1.4340050220489502
dev-p03-zigzag-s1,3,zigzag,1,14,0.0860815942287445,0.4512635379061371,0.1081081081081081,0.442110538482666,0.37491726875305176,1.0907552242279053,0.0,0.2059655338525772,3,1.434049367904663
dev-p03-zigzag-s1,3,zigzag,1,18,0.0761933326721191,0.3234200743494423,0.024390243902439,0.5001060366630554,0.3652750253677368,1.073588252067566,0.0,0.2064387202262878,3,1.4335029125213623
dev-p03-zigzag-s1,3,zigzag,1,22,0.0670660361647605,0.4185185185185185,0.0232558139534883,0.521237313747406,0.34313493967056274,1.1260966062545776,0.0232558139534883,0.1810642480850219,3,1.4346868991851809
dev-p03-zigzag-s1,3,zigzag,1,26,0.0656303614377975,0.3896551724137931,0.0238095238095238,0.4741733074188232,0.357541024684906,0.885332465171814,0.0,0.1864612847566604,3,1.4341490268707275
dev-p03-zigzag-s1,3,zigzag,1,30,0.0672126188874244,0.3120300751879699,0.024390243902439,0.3931362628936767,0.4191523790359497,0.6157658100128174,0.024390243902439,0.2185474932193756,3,1.4326341152191162
dev-p03-zigzag-s1,3,zigzag,1,34,0.0739511847496032,0.3269230769230769,0.0,0.3863007426261902,0.4106796979904175,0.4726256728172302,0.0,0.2334324419498443,3,1.4345154762268066
dev-p03-zigzag-s1,3,zigzag,1,38,0.09377121925354,0.3167938931297709,0.0,0.3752658367156982,0.391653835773468,0.4401127099990845,0.0,0.2330401837825775,3,1.434061050415039
dev-p03-zigzag-s1,3,zigzag,1,42,0.1110355928540229,0.2926829268292683,0.0,0.3746351599693298,0.375605046749115,0.4385664761066437,0.0,0.2226113677024841,3,1.4329400062561035
dev-p03-zigzag-s1,3,zigzag,1,46,0.1202354952692985,0.3269230769230769,0.0,0.3737626671791076,0.3878026604652405,0.4481255114078522,0.0,0.2090551555156707,3,1.4342703819274902
dev-p04-ascending-s0,4,ascending,0,-1,,0.1009174311926605,0.0238095238095238,0.1319476813077926,0.2817588746547699,0.0,0.0,0.5228676199913025,0,
dev-p04-ascending-s0,4,ascending,0,2,0.0962301716208458,0.0,0.0465116279069767,0.1941232681274414,0.25579917430877686,1.1220718622207642,0.0232558139534883,0.4134718477725982,3,1.432143211364746
dev-p04-ascending-s0,4,ascending,0,6,0.095478855073452,0.0,0.0,0.1950169950723648,0.27605220675468445,1.1671583652496338,0.0232558139534883,0.4127787053585052,3,1.4343750476837158
dev-p04-ascending-s0,4,ascending,0,10,0.0940197482705116,0.0,0.0465116279069767,0.1935614496469497,0.27439001202583313,1.1463027000427246,0.0232558139534883,0.4149169027805328,3,1.4329180717468262
dev-p04-ascending-s0,4,ascending,0,14,0.0919741913676261,0.0,0.0232558139534883,0.1974201053380966,0.2445944994688034,1.1479791402816772,0.0232558139534883,0.4128391742706299,3,1.4327058792114258
dev-p04-ascending-s0,4,ascending,0,18,0.0904253870248794,0.0,0.0,0.1530087888240814,0.2499527782201767,1.0587170124053955,0.0,0.4338898062705993,3,1.4335594177246094
dev-p04-ascending-s0,4,ascending,0,22,0.0934442356228828,0.0696864111498257,0.0,0.1967940032482147,0.23759089410305023,1.0044031143188477,0.0465116279069767,0.4229764640331268,3,1.4332680702209473
dev-p04-ascending-s0,4,ascending,0,26,0.1069675609469413,0.0782312925170068,0.0,0.190105065703392,0.2730986475944519,0.7354044914245605,0.0,0.4346299469470978,3,1.433507204055786
dev-p04-ascending-s0,4,ascending,0,30,0.147472470998764,0.0652173913043478,0.0238095238095238,0.1543275415897369,0.2563167214393616,0.716606080532074,0.0,0.4233509600162506,3,1.4336555004119873
dev-p04-ascending-s0,4,ascending,0,34,0.2363494485616684,0.0978593272171253,0.0238095238095238,0.1698216646909713,0.280190646648407,0.6147082448005676,0.0,0.4154505729675293,3,1.4318010807037354
dev-p04-ascending-s0,4,ascending,0,38,0.3139228820800781,0.0948012232415902,0.0232558139534883,0.1691606044769287,0.26016417145729065,0.5512144565582275,0.0,0.403974175453186,3,1.4342200756072998
dev-p04-ascending-s0,4,ascending,0,42,0.3485670089721679,0.1009174311926605,0.0232558139534883,0.1626163125038147,0.2368394434452057,0.553582489490509,0.0,0.3887822329998016,3,1.4327683448791504
dev-p04-ascending-s0,4,ascending,0,46,0.3575414717197418,0.0948012232415902,0.0238095238095238,0.1709122508764267,0.26540258526802063,0.5622343420982361,0.0,0.3597501218318939,3,1.4342093467712402
dev-p04-ascending-s1,4,ascending,1,-1,,0.0560747663551401,0.0476190476190476,0.1727787554264068,0.2690544128417969,0.0,0.0238095238095238,0.5232183933258057,0,
dev-p04-ascending-s1,4,ascending,1,2,0.0987327024340629,0.1036789297658862,0.1395348837209302,0.2209566682577133,0.2817012071609497,1.3884382247924805,0.2790697674418604,0.4347237646579742,3,1.4317023754119873
dev-p04-ascending-s1,4,ascending,1,6,0.0978711247444152,0.0955631399317406,0.1162790697674418,0.2221531718969345,0.26523321866989136,1.3640888929367063,0.2558139534883721,0.4445006251335144,3,1.434340476989746
dev-p04-ascending-s1,4,ascending,1,10,0.0961315110325813,0.0692041522491349,0.1395348837209302,0.2251374870538711,0.28895866870880127,1.3669863939285278,0.2558139534883721,0.4363667070865631,3,1.4347515106201172
dev-p04-ascending-s1,4,ascending,1,14,0.0933157056570053,0.0668789808917197,0.3255813953488372,0.2327208667993545,0.32074010372161865,1.3741761445999146,0.1627906976744186,0.411353588104248,3,1.4326555728912354
dev-p04-ascending-s1,4,ascending,1,18,0.0897283554077148,0.0652173913043478,0.0930232558139534,0.2026504278182983,0.28987568616867065,1.3351480960845947,0.4651162790697674,0.391439825296402,3,1.4343905448913574
dev-p04-ascending-s1,4,ascending,1,22,0.0885540395975112,0.0220820189274447,0.048780487804878,0.2152996212244033,0.24437205493450165,1.027478814125061,0.0,0.4049558341503143,3,1.4345059394836426
dev-p04-ascending-s1,4,ascending,1,26,0.1070578247308731,0.0560747663551401,0.0238095238095238,0.2006628960371017,0.28760674595832825,0.7016642689704895,0.0238095238095238,0.4635681807994842,3,1.4330785274505615
dev-p04-ascending-s1,4,ascending,1,30,0.146072119474411,0.0560747663551401,0.0476190476190476,0.1989220529794693,0.2913725674152374,0.6615774631500244,0.0238095238095238,0.4541660845279693,3,1.4336895942687988
dev-p04-ascending-s1,4,ascending,1,34,0.2099893242120742,0.0529595015576324,0.0476190476190476,0.193305104970932,0.26878535747528076,0.6308554410934448,0.0238095238095238,0.4424674808979034,3,1.4338066577911377
dev-p04-ascending-s1,4,ascending,1,38,0.2816381156444549,0.0560747663551401,0.0476190476190476,0.1996345520019531,0.2700815498828888,0.575371265411377,0.0238095238095238,0.4356347024440765,3,1.4343464374542236
dev-p04-ascending-s1,4,ascending,1,42,0.3263511061668396,0.0560747663551401,0.0476190476190476,0.202553242444992,0.27580612897872925,0.5627025961875916,0.0238095238095238,0.4071288406848907,3,1.434215784072876
dev-p04-ascending-s1,4,ascending,1,46,0.3479865789413452,0.0560747663551401,0.0476190476190476,0.2079463601112365,0.28739655017852783,0.5701937675476074,0.0238095238095238,0.3746844530105591,3,1.4324662685394287
dev-p04-descending-s0,4,descending,0,-1,,0.0489296636085626,0.0476190476190476,0.1545707881450653,0.2817588746547699,0.0,0.0,0.4759944975376129,0,
dev-p04-descending-s0,4,descending,0,2,0.0962301716208458,0.0,0.0,0.1679974645376205,0.2769237160682678,1.3856956958770752,0.0,0.4116827547550201,3,1.4327654838562012
dev-p04-descending-s0,4,descending,0,6,0.095478855073452,0.0,0.0,0.1690955758094787,0.28752660751342773,1.399600863456726,0.0,0.4072566926479339,3,1.4324851036071775
dev-p04-descending-s0,4,descending,0,10,0.0940197482705116,0.0,0.0,0.1509578078985214,0.26253095269203186,1.3657068014144895,0.0232558139534883,0.4148532152175903,3,1.4342138767242432
dev-p04-descending-s0,4,descending,0,14,0.0919741913676261,0.0,0.0,0.1696618944406509,0.276959091424942,1.4030705690383911,0.0232558139534883,0.407273381948471,3,1.4339830875396729
dev-p04-descending-s0,4,descending,0,18,0.0904253870248794,0.0,0.0,0.1459936052560806,0.2749009132385254,1.1014350652694702,0.0232558139534883,0.42830890417099,3,1.43245530128479
dev-p04-descending-s0,4,descending,0,22,0.0934442356228828,0.0,0.0,0.1510351151227951,0.2497885525226593,1.004093885421753,0.0,0.4621860980987549,3,1.4355216026306152
dev-p04-descending-s0,4,descending,0,26,0.1069675609469413,0.0,0.0,0.223616823554039,0.2661944627761841,0.8057122230529785,0.0232558139534883,0.4148082435131073,3,1.433769941329956
dev-p04-descending-s0,4,descending,0,30,0.147472470998764,0.0818713450292397,0.0232558139534883,0.1924294531345367,0.26488035917282104,0.6859239935874939,0.0,0.3809700906276703,3,1.4328436851501465
dev-p04-descending-s0,4,descending,0,34,0.2363494485616684,0.0602409638554216,0.0,0.202424868941307,0.2847020924091339,0.6202897429466248,0.0,0.3706786036491394,3,1.4335811138153076
dev-p04-descending-s0,4,descending,0,38,0.3139228820800781,0.039274924471299,0.0232558139534883,0.1870924681425094,0.27551335096359253,0.5664721131324768,0.0,0.3600198626518249,3,1.4335660934448242
dev-p04-descending-s0,4,descending,0,42,0.3485670089721679,0.0391566265060241,0.0232558139534883,0.1879621297121048,0.2741374671459198,0.5570161938667297,0.0,0.3429483771324157,3,1.4319043159484863
dev-p04-descending-s0,4,descending,0,46,0.3575414717197418,0.0365853658536585,0.0232558139534883,0.1953283995389938,0.2716671824455261,0.5718856453895569,0.0,0.3137890994548797,3,1.4337873458862305
dev-p04-descending-s1,4,descending,1,-1,,0.0591900311526479,0.0238095238095238,0.0901248902082443,0.2690544128417969,0.0,0.0238095238095238,0.5099028944969177,0,
dev-p04-descending-s1,4,descending,1,2,0.0987327024340629,0.0990415335463258,0.0,0.283505767583847,0.2922172248363495,1.3827394247055054,0.0232558139534883,0.3666676878929138,3,1.4320847988128662
dev-p04-descending-s1,4,descending,1,6,0.0978711247444152,0.0981012658227848,0.0,0.2816718220710754,0.2778724431991577,1.395691156387329,0.0232558139534883,0.3680892288684845,3,1.4343476295471191
dev-p04-descending-s1,4,descending,1,10,0.0961315110325813,0.0981012658227848,0.0,0.2909473180770874,0.2909409999847412,1.4046231508255005,0.0232558139534883,0.360965371131897,3,1.4340920448303225
dev-p04-descending-s1,4,descending,1,14,0.0933157056570053,0.101639344262295,0.0,0.2966451942920685,0.30791300535202026,1.3946582078933716,0.0,0.358618676662445,3,1.432542085647583
dev-p04-descending-s1,4,descending,1,18,0.0897283554077148,0.1551155115511551,0.0465116279069767,0.2456945180892944,0.25806623697280884,1.3049215078353882,0.1395348837209302,0.374450147151947,3,1.4340314865112305
dev-p04-descending-s1,4,descending,1,22,0.0885540395975112,0.1428571428571428,0.0232558139534883,0.224271222949028,0.22871780395507812,1.092754364013672,0.0,0.3973917067050934,3,1.4337036609649658
dev-p04-descending-s1,4,descending,1,26,0.1070578247308731,0.134375,0.0238095238095238,0.108350783586502,0.2702861726284027,0.7974606156349182,0.0238095238095238,0.4095343053340912,3,1.433055400848389
dev-p04-descending-s1,4,descending,1,30,0.146072119474411,0.1433021806853582,0.0238095238095238,0.117898516356945,0.2923424541950226,0.6884979009628296,0.0238095238095238,0.4129360020160675,3,1.434476375579834
dev-p04-descending-s1,4,descending,1,34,0.2099893242120742,0.0934579439252336,0.0238095238095238,0.1110714450478553,0.3026474714279175,0.636459469795227,0.0238095238095238,0.4155706167221069,3,1.4312069416046145
dev-p04-descending-s1,4,descending,1,38,0.2816381156444549,0.0809968847352024,0.0238095238095238,0.1173277646303176,0.29269611835479736,0.5644375681877136,0.0238095238095238,0.4113676846027374,3,1.435222625732422
dev-p04-descending-s1,4,descending,1,42,0.3263511061668396,0.0747663551401869,0.0238095238095238,0.1211112961173057,0.32759010791778564,0.5809578895568848,0.0238095238095238,0.3932384550571441,3,1.4348578453063965
dev-p04-descending-s1,4,descending,1,46,0.3479865789413452,0.0778816199376947,0.0238095238095238,0.1291019320487976,0.2712410092353821,0.5798482298851013,0.0238095238095238,0.3584448993206024,3,1.4338228702545166
dev-p04-alternating-s0,4,alternating,0,-1,,0.0211267605633802,0.0277777777777777,0.1183756217360496,0.2817588746547699,0.0,0.0,0.482079416513443,0,
dev-p04-alternating-s0,4,alternating,0,2,0.0962301716208458,0.156,0.1081081081081081,0.1301362812519073,0.28201794624328613,1.0937716960906982,0.4054054054054054,0.436539888381958,3,1.4347631931304932
dev-p04-alternating-s0,4,alternating,0,6,0.095478855073452,0.0,0.0,0.1260513812303543,0.26013121008872986,1.1003118753433228,0.0,0.4362703561782837,3,1.43373703956604
dev-p04-alternating-s0,4,alternating,0,10,0.0940197482705116,0.1541501976284585,0.1081081081081081,0.1312534511089325,0.26062458753585815,1.112705945968628,0.4054054054054054,0.4341509938240051,3,1.4346003532409668
dev-p04-alternating-s0,4,alternating,0,14,0.0919741913676261,0.0,0.1351351351351351,0.1435515582561493,0.2605961561203003,1.1433905363082886,0.4324324324324324,0.4334508776664734,3,1.4349710941314695
dev-p04-alternating-s0,4,alternating,0,18,0.0904253870248794,0.0,0.0,0.1249691098928451,0.2541080117225647,1.11548912525177,0.0,0.4338160753250122,3,1.434293270111084
dev-p04-alternating-s0,4,alternating,0,22,0.0934442356228828,0.0171673819742489,0.0,0.175113245844841,0.2968354821205139,1.2784059047698977,0.0,0.4111736416816711,3,1.435267686843872
dev-p04-alternating-s0,4,alternating,0,26,0.1069675609469413,0.024,0.0,0.1782373934984207,0.2711144685745239,0.7200775146484375,0.0,0.3790727853775024,3,1.4359002113342283
dev-p04-alternating-s0,4,alternating,0,30,0.147472470998764,0.0334448160535117,0.0277777777777777,0.1635733693838119,0.2604163587093353,0.7558313012123108,0.0,0.3685984015464782,3,1.4346692562103271
dev-p04-alternating-s0,4,alternating,0,34,0.2363494485616684,0.0037453183520599,0.0277777777777777,0.1714815497398376,0.28269076347351074,0.6425008177757263,0.0,0.3679038286209106,3,1.4356591701507568
dev-p04-alternating-s0,4,alternating,0,38,0.3139228820800781,0.0211267605633802,0.0277777777777777,0.1627230048179626,0.2776528596878052,0.6005402207374573,0.0,0.3618340492248535,3,1.4353480339050293
dev-p04-alternating-s0,4,alternating,0,42,0.3485670089721679,0.0212014134275618,0.0277777777777777,0.1555953174829483,0.26231303811073303,0.5847304463386536,0.0,0.3482557833194732,3,1.4342787265777588
dev-p04-alternating-s0,4,alternating,0,46,0.3575414717197418,0.0210526315789473,0.0,0.1629702597856521,0.24527999758720398,0.5965451598167419,0.0,0.3212450444698334,3,1.43638277053833
dev-p04-alternating-s1,4,alternating,1,-1,,0.0827338129496402,0.0277777777777777,0.1243984401226043,0.2690544128417969,0.0,0.0,0.5204755067825317,0,
dev-p04-alternating-s1,4,alternating,1,2,0.0987327024340629,0.2115384615384615,0.2857142857142857,0.4063187539577484,0.28419601917266846,1.649558424949646,0.7428571428571429,0.2641359865665436,3,1.43251371383667
dev-p04-alternating-s1,4,alternating,1,6,0.0978711247444152,0.2509652509652509,0.2857142857142857,0.3971866369247436,0.2557358145713806,1.6007506847381592,0.7428571428571429,0.2659074664115906,3,1.4349300861358645
dev-p04-alternating-s1,4,alternating,1,10,0.0961315110325813,0.3166023166023166,0.2857142857142857,0.3993569612503052,0.2511959671974182,1.6529541015625,0.7714285714285715,0.2700899243354797,3,1.4347176551818848
dev-p04-alternating-s1,4,alternating,1,14,0.0933157056570053,0.2346153846153846,0.2857142857142857,0.4079295992851257,0.24993127584457397,1.6847773790359497,0.7428571428571429,0.2656942307949066,3,1.4336910247802734
dev-p04-alternating-s1,4,alternating,1,18,0.0897283554077148,0.0854092526690391,0.0,0.2447822391986847,0.2592654228210449,1.4269754886627195,0.0,0.3076463341712951,3,1.4356355667114258
dev-p04-alternating-s1,4,alternating,1,22,0.0885540395975112,0.055350553505535,0.0,0.2439257949590683,0.26521483063697815,1.2451608180999756,0.0,0.3202610611915588,3,1.435047626495361
dev-p04-alternating-s1,4,alternating,1,26,0.1070578247308731,0.0683453237410072,0.0277777777777777,0.2209116220474243,0.2143385112285614,0.8457884788513184,0.0,0.3354257643222809,3,1.434471845626831
dev-p04-alternating-s1,4,alternating,1,30,0.146072119474411,0.0719424460431654,0.0277777777777777,0.1472134888172149,0.2699992060661316,0.7861186861991882,0.0,0.438657134771347,3,1.4344091415405271
dev-p04-alternating-s1,4,alternating,1,34,0.2099893242120742,0.0827338129496402,0.0277777777777777,0.1428199708461761,0.301166832447052,0.6072616577148438,0.0,0.4263408482074737,3,1.433180809020996
dev-p04-alternating-s1,4,alternating,1,38,0.2816381156444549,0.0935251798561151,0.0277777777777777,0.1518944203853607,0.2858584225177765,0.5842568874359131,0.0,0.4234021604061126,3,1.4350817203521729
dev-p04-alternating-s1,4,alternating,1,42,0.3263511061668396,0.0899280575539568,0.0277777777777777,0.1526335775852203,0.29889363050460815,0.5935889482498169,0.0,0.4011079370975494,3,1.4335441589355469
dev-p04-alternating-s1,4,alternating,1,46,0.3479865789413452,0.0863309352517985,0.0277777777777777,0.1557334959506988,0.27555426955223083,0.6107986569404602,0.0,0.3699746429920196,3,1.4325571060180664
dev-p04-pedal-s0,4,pedal,0,-1,,0.0214067278287461,0.0,0.106457807123661,0.2817588746547699,0.0,0.0,0.415848433971405,0,
dev-p04-pedal-s0,4,pedal,0,2,0.0962301716208458,0.0,0.0238095238095238,0.3778099119663238,0.25436511635780334,1.228904128074646,0.0,0.2457470893859863,3,1.4334449768066406
dev-p04-pedal-s0,4,pedal,0,6,0.095478855073452,0.0,0.0238095238095238,0.363223671913147,0.2526039779186249,1.2135107517242432,0.0,0.2455596923828125,3,1.4324650764465332
dev-p04-pedal-s0,4,pedal,0,10,0.0940197482705116,0.0,0.0238095238095238,0.3830150365829468,0.2627808749675751,1.312834858894348,0.0,0.2391210794448852,3,1.4338316917419434
dev-p04-pedal-s0,4,pedal,0,14,0.0919741913676261,0.0960264900662251,0.025,0.2883261442184448,0.22542718052864075,1.1781409978866575,0.0,0.2583787739276886,3,1.4339280128479004
dev-p04-pedal-s0,4,pedal,0,18,0.0904253870248794,0.0878378378378378,0.0232558139534883,0.2840217649936676,0.23023781180381775,1.1379117965698242,0.0,0.2581197023391723,3,1.432997703552246
dev-p04-pedal-s0,4,pedal,0,22,0.0934442356228828,0.0,0.0,0.4345179200172424,0.26415956020355225,1.2617034912109375,0.0,0.2346356660127639,3,1.4339430332183838
dev-p04-pedal-s0,4,pedal,0,26,0.1069675609469413,0.0,0.0232558139534883,0.1923326849937439,0.2681426703929901,0.8625075817108154,0.0232558139534883,0.2940852344036102,3,1.4347031116485596
dev-p04-pedal-s0,4,pedal,0,30,0.147472470998764,0.0339506172839506,0.0,0.1532182097434997,0.23731066286563873,0.6827393770217896,0.0,0.2983029186725616,3,1.4324002265930176
dev-p04-pedal-s0,4,pedal,0,34,0.2363494485616684,0.0,0.0,0.1716950535774231,0.2644222378730774,0.6142567992210388,0.0,0.2947897315025329,3,1.4342527389526367
dev-p04-pedal-s0,4,pedal,0,38,0.3139228820800781,0.0182370820668693,0.0,0.1663353741168975,0.2863910496234894,0.5845405459403992,0.0,0.2932879030704498,3,1.4344511032104492
dev-p04-pedal-s0,4,pedal,0,42,0.3485670089721679,0.0273556231003039,0.0,0.1612071841955185,0.27441564202308655,0.586807131767273,0.0,0.2790358960628509,3,1.4325182437896729
dev-p04-pedal-s0,4,pedal,0,46,0.3575414717197418,0.0,0.0,0.1669252812862396,0.2751200199127197,0.6015609502792358,0.0,0.2538278996944427,3,1.434160232543945
dev-p04-pedal-s1,4,pedal,1,-1,,0.0124610591900311,0.0238095238095238,0.0595709271728992,0.2690544128417969,0.0,0.0,0.4734693169593811,0,
dev-p04-pedal-s1,4,pedal,1,2,0.0987327024340629,0.0897435897435897,0.3902439024390244,0.4229663014411926,0.2198532521724701,1.964399814605713,0.073170731707317,0.2249058336019516,3,1.4320595264434814
dev-p04-pedal-s1,4,pedal,1,6,0.0978711247444152,0.0926517571884984,0.3658536585365853,0.4130842089653015,0.23509526252746582,1.947450041770935,0.0975609756097561,0.2273506820201873,3,1.4338586330413818
dev-p04-pedal-s1,4,pedal,1,10,0.0961315110325813,0.0865384615384615,0.4146341463414634,0.4103058278560638,0.24380812048912048,1.8855849504470823,0.048780487804878,0.2243492901325225,3,1.4329910278320312
dev-p04-pedal-s1,4,pedal,1,14,0.0933157056570053,0.0849673202614379,0.4390243902439024,0.3496308326721191,0.25317713618278503,1.4722473621368408,0.024390243902439,0.2376590818166732,3,1.4327070713043213
dev-p04-pedal-s1,4,pedal,1,18,0.0897283554077148,0.0,0.3809523809523809,0.2876299321651459,0.24078930914402008,1.2876654863357544,0.0714285714285714,0.271975427865982,3,1.4331934452056885
dev-p04-pedal-s1,4,pedal,1,22,0.0885540395975112,0.0,0.0,0.219109758734703,0.23832601308822632,1.132903218269348,0.0,0.2692077159881592,3,1.432725191116333
dev-p04-pedal-s1,4,pedal,1,26,0.1070578247308731,0.0226537216828478,0.024390243902439,0.3061015605926513,0.2786434590816498,1.0253840684890747,0.0,0.2745277881622314,3,1.433469295501709
dev-p04-pedal-s1,4,pedal,1,30,0.146072119474411,0.0218068535825545,0.0238095238095238,0.1216284856200218,0.23891137540340424,0.6869637966156006,0.0,0.3407820165157318,3,1.4336090087890625
dev-p04-pedal-s1,4,pedal,1,34,0.2099893242120742,0.0155763239875389,0.0238095238095238,0.0956956967711448,0.2593965530395508,0.6470805406570435,0.0,0.3560416102409363,3,1.4316492080688477
dev-p04-pedal-s1,4,pedal,1,38,0.2816381156444549,0.0155763239875389,0.0238095238095238,0.0977386757731437,0.29612237215042114,0.5691362023353577,0.0,0.3557323515415191,3,1.4334542751312256
dev-p04-pedal-s1,4,pedal,1,42,0.3263511061668396,0.0186915887850467,0.0238095238095238,0.1064180359244346,0.2754029333591461,0.5798692107200623,0.0,0.3341814875602722,3,1.4321489334106443
dev-p04-pedal-s1,4,pedal,1,46,0.3479865789413452,0.0186915887850467,0.0238095238095238,0.1145153120160102,0.2851640582084656,0.5874043703079224,0.0,0.3045170307159424,3,1.4322311878204346
dev-p04-zigzag-s0,4,zigzag,0,-1,,0.0428134556574923,0.0238095238095238,0.1249097660183906,0.2817588746547699,0.0,0.0,0.5285184383392334,0,
dev-p04-zigzag-s0,4,zigzag,0,2,0.0962301716208458,0.1081081081081081,0.0,0.1967100948095321,0.2552333474159241,1.0268220901489258,0.0232558139534883,0.4424537420272827,3,1.4327540397644043
dev-p04-zigzag-s0,4,zigzag,0,6,0.095478855073452,0.1103448275862069,0.0,0.1892624497413635,0.24314464628696442,1.042412519454956,0.0,0.4413220584392547,3,1.4329328536987305
dev-p04-zigzag-s0,4,zigzag,0,10,0.0940197482705116,0.1111111111111111,0.0,0.2089318186044693,0.2684694528579712,1.0093584060668943,0.0,0.4281564354896545,3,1.4338409900665283
dev-p04-zigzag-s0,4,zigzag,0,14,0.0919741913676261,0.10828025477707,0.0,0.1755340099334716,0.27823448181152344,0.9910057783126832,0.0232558139534883,0.4444909691810608,3,1.4340133666992188
dev-p04-zigzag-s0,4,zigzag,0,18,0.0904253870248794,0.1286173633440514,0.0,0.1492582261562347,0.22877895832061768,0.9829611778259276,0.0,0.4556080400943756,3,1.4321048259735107
dev-p04-zigzag-s0,4,zigzag,0,22,0.0934442356228828,0.0932475884244373,0.0232558139534883,0.1985637694597244,0.2540009617805481,1.1161179542541504,0.0232558139534883,0.5099884271621704,3,1.4342436790466309
dev-p04-zigzag-s0,4,zigzag,0,26,0.1069675609469413,0.0859872611464968,0.0465116279069767,0.1784056574106216,0.3011690378189087,0.7815760970115662,0.0,0.4546098709106445,3,1.4344298839569092
dev-p04-zigzag-s0,4,zigzag,0,30,0.147472470998764,0.0887573964497041,0.0465116279069767,0.1514950692653656,0.2758285701274872,0.6584476232528687,0.0,0.4210602939128876,3,1.4321608543395996
dev-p04-zigzag-s0,4,zigzag,0,34,0.2363494485616684,0.0575757575757575,0.0232558139534883,0.1642491370439529,0.2983156442642212,0.618135392665863,0.0,0.4084599018096924,3,1.4341895580291748
dev-p04-zigzag-s0,4,zigzag,0,38,0.3139228820800781,0.0333333333333333,0.0232558139534883,0.1677588522434234,0.33910617232322693,0.5863006711006165,0.0,0.4022112786769867,3,1.4339923858642578
dev-p04-zigzag-s0,4,zigzag,0,42,0.3485670089721679,0.04,0.0232558139534883,0.1581607311964035,0.2553592920303345,0.5678914785385132,0.0,0.3895586431026459,3,1.4328863620758057
dev-p04-zigzag-s0,4,zigzag,0,46,0.3575414717197418,0.0338461538461538,0.0465116279069767,0.1644099950790405,0.26587584614753723,0.5975998640060425,0.0,0.3607393205165863,3,1.4341845512390137
dev-p04-zigzag-s1,4,zigzag,1,-1,,0.0062305295950155,0.0238095238095238,0.0779525488615036,0.2690544128417969,0.0,0.0238095238095238,0.5584558844566345,0,
dev-p04-zigzag-s1,4,zigzag,1,2,0.0987327024340629,0.0,0.2325581395348837,0.2152330726385116,0.26432257890701294,1.6966638565063477,0.3255813953488372,0.4042688906192779,3,1.4316422939300537
dev-p04-zigzag-s1,4,zigzag,1,6,0.0978711247444152,0.0,0.2558139534883721,0.2319225668907165,0.2591191232204437,1.7012044191360474,0.3488372093023256,0.3974046111106872,3,1.4339416027069092
dev-p04-zigzag-s1,4,zigzag,1,10,0.0961315110325813,0.0,0.2558139534883721,0.222146525979042,0.2449088990688324,1.6988110542297363,0.3488372093023256,0.3987995684146881,3,1.4338462352752686
dev-p04-zigzag-s1,4,zigzag,1,14,0.0933157056570053,0.0,0.2195121951219512,0.201864093542099,0.2468055635690689,1.6403207778930664,0.1463414634146341,0.4033120274543762,3,1.4340505599975586
dev-p04-zigzag-s1,4,zigzag,1,18,0.0897283554077148,0.0526315789473684,0.1162790697674418,0.1524013578891754,0.23411287367343903,1.4035284519195557,0.0,0.4312554001808166,3,1.4359357357025146
dev-p04-zigzag-s1,4,zigzag,1,22,0.0885540395975112,0.046583850931677,0.1162790697674418,0.1266476660966873,0.24196670949459076,1.2661116123199463,0.0,0.4464152753353119,3,1.4335839748382568
dev-p04-zigzag-s1,4,zigzag,1,26,0.1070578247308731,0.0660377358490566,0.0952380952380952,0.1042369455099105,0.2684859037399292,0.8874801397323608,0.0238095238095238,0.4589235186576843,3,1.435532569885254
dev-p04-zigzag-s1,4,zigzag,1,30,0.146072119474411,0.0809968847352024,0.0238095238095238,0.1059310063719749,0.2672937512397766,0.7050482630729675,0.0238095238095238,0.4699331223964691,3,1.4355437755584717
dev-p04-zigzag-s1,4,zigzag,1,34,0.2099893242120742,0.0311526479750778,0.0238095238095238,0.1144597604870796,0.28181907534599304,0.6347168684005737,0.0238095238095238,0.4597586095333099,3,1.4340403079986572
dev-p04-zigzag-s1,4,zigzag,1,38,0.2816381156444549,0.0186915887850467,0.0238095238095238,0.1102933436632156,0.2826001048088074,0.566955029964447,0.0238095238095238,0.4495888352394104,3,1.435415506362915
dev-p04-zigzag-s1,4,zigzag,1,42,0.3263511061668396,0.0124610591900311,0.0238095238095238,0.1183650195598602,0.27340221405029297,0.563831627368927,0.0238095238095238,0.421454906463623,3,1.4349238872528076
dev-p04-zigzag-s1,4,zigzag,1,46,0.3479865789413452,0.0155763239875389,0.0238095238095238,0.1279854923486709,0.2790987491607666,0.5963519215583801,0.0238095238095238,0.3886960744857788,3,1.434516668319702
