trial,prompt_id,melody,seed,position,R_at,coherence_mlsp,coherence_w2s,chroma_cos,clap,logmel_l1,coherence_firstnote,bce0,n_updates,runtime_s
dev-p00-ascending-s0,0,ascending,0,-1,,0.1851851851851851,0.25,0.3001851737499237,0.1435546875,0.0,0.05,0.320699542760849,0,
dev-p00-ascending-s0,0,ascending,0,2,0.3203047513961792,0.2704081632653061,0.2133333333333333,0.3023740947246551,0.14652064442634583,0.0392613485455513,0.04,0.3154425621032715,3,3.152914047241211
dev-p00-ascending-s0,0,ascending,0,6,0.3137209117412567,0.2297872340425532,0.2162162162162162,0.3042438924312591,0.149201437830925,0.0635964125394821,0.0405405405405405,0.3140162229537964,3,3.167330503463745
dev-p00-ascending-s0,0,ascending,0,10,0.2872753441333771,0.2424242424242424,0.2077922077922078,0.296583354473114,0.1366887241601944,0.1023003980517387,0.0389610389610389,0.3123626112937927,3,3.173611640930176
dev-p00-ascending-s0,0,ascending,0,14,0.2904416024684906,0.2434782608695652,0.1692307692307692,0.2991015613079071,0.14345988631248474,0.1970766186714172,0.0,0.3057500720024109,3,3.170572280883789
dev-p00-ascending-s0,0,ascending,0,18,0.3070848286151886,0.2391304347826087,0.2142857142857142,0.3798238635063171,0.1512540876865387,0.3955051898956299,0.1904761904761904,0.2687161862850189,3,3.164295196533203
dev-p00-ascending-s0,0,ascending,0,22,0.2949934899806976,0.3423076923076923,0.2531645569620253,0.3945057094097137,0.1256476491689682,0.4713411629199981,0.2025316455696202,0.251918226480484,3,3.1719300746917725
dev-p00-ascending-s0,0,ascending,0,26,0.2816493213176727,0.3981900452488687,0.3243243243243243,0.4346296489238739,0.1267082542181015,0.4631881415843963,0.2162162162162162,0.2284877449274063,3,3.174285650253296
dev-p00-ascending-s0,0,ascending,0,30,0.3184464275836944,0.25,0.2297297297297297,0.4236030280590057,0.13750016689300537,0.3566050827503204,0.1756756756756756,0.2356966286897659,3,3.1725616455078125
dev-p00-ascending-s0,0,ascending,0,34,0.3349268138408661,0.2583732057416268,0.2105263157894736,0.3962415158748626,0.1436249017715454,0.2224104106426239,0.1052631578947368,0.2492821812629699,3,3.16097092628479
dev-p00-ascending-s0,0,ascending,0,38,0.3785493373870849,0.2669902912621359,0.2077922077922078,0.3334905207157135,0.13041719794273376,0.1112579479813575,0.0259740259740259,0.2620120644569397,3,3.180783748626709
dev-p00-ascending-s0,0,ascending,0,42,0.4345667660236358,0.2523809523809524,0.2077922077922078,0.3356528878211975,0.13201327621936798,0.1324608623981475,0.0389610389610389,0.2362229228019714,3,3.1730668544769287
dev-p00-ascending-s0,0,ascending,0,46,0.4451140761375427,0.2172131147540983,0.2077922077922078,0.3472174406051636,0.12986284494400024,0.1493901163339615,0.0389610389610389,0.2052803039550781,3,3.1732211112976074
dev-p00-ascending-s1,0,ascending,1,-1,,0.0,0.1506849315068493,0.212038978934288,0.19227419793605804,0.0,0.0,0.4076211154460907,0,
dev-p00-ascending-s1,0,ascending,1,2,0.2932640314102173,0.0032786885245901,0.0,0.2480304688215255,0.20349302887916565,0.2642074227333069,0.0266666666666666,0.3729880154132843,3,3.21066951751709
dev-p00-ascending-s1,0,ascending,1,6,0.2884442806243896,0.0065573770491803,0.0,0.2533889710903168,0.1950574815273285,0.2714706361293793,0.0136986301369863,0.3633360862731933,3,3.206218719482422
dev-p00-ascending-s1,0,ascending,1,10,0.2963623404502868,0.0066889632107023,0.0,0.3085211813449859,0.18228475749492645,0.3705184459686279,0.0,0.3134974837303161,3,3.2157022953033447
dev-p00-ascending-s1,0,ascending,1,14,0.2742959260940552,0.1538461538461538,0.1486486486486486,0.3285107612609863,0.1873517483472824,0.4416416585445404,0.0,0.2936369180679321,3,3.183739185333252
dev-p00-ascending-s1,0,ascending,1,18,0.2846670150756836,0.1718213058419244,0.1891891891891892,0.3245681226253509,0.1943102777004242,0.4882031679153442,0.0,0.2920517325401306,3,3.202669620513916
dev-p00-ascending-s1,0,ascending,1,22,0.2983106970787048,0.1911262798634812,0.1891891891891892,0.3312507271766662,0.1988695114850998,0.5337605476379395,0.0,0.282535582780838,3,3.2100460529327397
dev-p00-ascending-s1,0,ascending,1,26,0.311250627040863,0.1797385620915032,0.1756756756756756,0.3337251842021942,0.19103218615055084,0.540888249874115,0.0,0.2796841859817505,3,3.197842597961426
dev-p00-ascending-s1,0,ascending,1,30,0.3433496356010437,0.1310344827586207,0.1351351351351351,0.3160296678543091,0.21445749700069427,0.3314329385757446,0.0,0.3054913878440857,3,3.2044436931610107
dev-p00-ascending-s1,0,ascending,1,34,0.3348479866981506,0.0,0.0,0.2656149864196777,0.18837788701057434,0.1578178107738495,0.0135135135135135,0.3324315547943115,3,3.1992037296295166
dev-p00-ascending-s1,0,ascending,1,38,0.3988575339317322,0.0,0.0136986301369863,0.2280264496803283,0.1967209130525589,0.1160639375448226,0.0,0.3548316657543182,3,3.2002294063568115
dev-p00-ascending-s1,0,ascending,1,42,0.5035448670387268,0.0,0.027027027027027,0.2368333041667938,0.1930038332939148,0.1262437105178833,0.0135135135135135,0.3176765143871307,3,3.1991195678710938
dev-p00-ascending-s1,0,ascending,1,46,0.5336467623710632,0.0,0.1566265060240964,0.2481765151023864,0.2002970576286316,0.1671016812324524,0.0240963855421686,0.27718386054039,3,3.192145347595215
dev-p00-descending-s0,0,descending,0,-1,,0.0,0.0166666666666666,0.2963097095489502,0.1435546875,0.0,0.05,0.3279323577880859,0,
dev-p00-descending-s0,0,descending,0,2,0.3203047513961792,0.0,0.0166666666666666,0.2974414229393005,0.14895668625831604,0.0161407124251127,0.05,0.3273212015628814,3,3.198256492614746
dev-p00-descending-s0,0,descending,0,6,0.3137209117412567,0.0406091370558375,0.028169014084507,0.3001367747783661,0.15102504193782806,0.0302647445350885,0.0422535211267605,0.3285248279571533,3,3.208578109741211
dev-p00-descending-s0,0,descending,0,10,0.2872753441333771,0.0207468879668049,0.0266666666666666,0.2976410090923309,0.15154576301574707,0.0576457940042018,0.04,0.3272009491920471,3,3.2052619457244877
dev-p00-descending-s0,0,descending,0,14,0.2904416024684906,0.050632911392405,0.1643835616438356,0.3009721934795379,0.13770931959152222,0.1203731372952461,0.0,0.3299000561237335,3,3.214081287384033
dev-p00-descending-s0,0,descending,0,18,0.3070848286151886,0.1596244131455399,0.2261904761904762,0.3499956727027893,0.14902032911777496,0.2597317099571228,0.1428571428571428,0.3140387535095215,3,3.152137041091919
dev-p00-descending-s0,0,descending,0,22,0.2949934899806976,0.3094170403587444,0.2622950819672131,0.3834042549133301,0.12994107604026794,0.3427772223949432,0.2786885245901639,0.2835738956928253,3,3.1524178981781006
dev-p00-descending-s0,0,descending,0,26,0.2816493213176727,0.2393822393822393,0.225,0.4053804576396942,0.13514354825019836,0.3051896393299103,0.0625,0.2541925609111786,3,3.15015196800232
dev-p00-descending-s0,0,descending,0,30,0.3184464275836944,0.2060085836909871,0.175,0.4116379022598266,0.12311893701553345,0.3670871257781982,0.1375,0.2458498924970626,3,3.148491382598877
dev-p00-descending-s0,0,descending,0,34,0.3349268138408661,0.251063829787234,0.2711864406779661,0.4030313789844513,0.13304860889911652,0.247404932975769,0.0847457627118644,0.2570131719112396,3,3.171450138092041
dev-p00-descending-s0,0,descending,0,38,0.3785493373870849,0.0705882352941176,0.0869565217391304,0.3542073667049408,0.14293470978736877,0.1222203075885772,0.0289855072463768,0.2628392875194549,3,3.1708924770355225
dev-p00-descending-s0,0,descending,0,42,0.4345667660236358,0.0498084291187739,0.0131578947368421,0.3604218959808349,0.13133181631565094,0.1156579628586769,0.0263157894736842,0.2387175858020782,3,3.1705567836761475
dev-p00-descending-s0,0,descending,0,46,0.4451140761375427,0.0348837209302325,0.0263157894736842,0.3624263107776642,0.12048278748989105,0.1384069174528122,0.0263157894736842,0.2068940103054046,3,3.1729094982147217
dev-p00-descending-s1,0,descending,1,-1,,0.1513157894736842,0.0136986301369863,0.3056850731372833,0.19227419793605804,0.0,0.0,0.3879072964191437,0,
dev-p00-descending-s1,0,descending,1,2,0.2932640314102173,0.1475409836065573,0.1447368421052631,0.3093546628952026,0.19675327837467194,0.2597284317016601,0.0263157894736842,0.3693313300609588,3,3.1720833778381348
dev-p00-descending-s1,0,descending,1,6,0.2884442806243896,0.1508196721311475,0.1466666666666666,0.3086618483066559,0.1952967643737793,0.2567938864231109,0.0266666666666666,0.3696693181991577,3,3.17605972290039
dev-p00-descending-s1,0,descending,1,10,0.2963623404502868,0.1508196721311475,0.1558441558441558,0.3101552128791809,0.18763069808483124,0.2605136334896087,0.0259740259740259,0.3698634505271911,3,3.1707639694213867
dev-p00-descending-s1,0,descending,1,14,0.2742959260940552,0.1508196721311475,0.1447368421052631,0.3079559206962585,0.1912524551153183,0.2584110796451568,0.0263157894736842,0.3688647449016571,3,3.1667189598083496
dev-p00-descending-s1,0,descending,1,18,0.2846670150756836,0.1508196721311475,0.1341463414634146,0.3092084228992462,0.18623867630958557,0.24286650121212,0.024390243902439,0.3693002760410309,3,3.172274589538574
dev-p00-descending-s1,0,descending,1,22,0.2983106970787048,0.140983606557377,0.1466666666666666,0.3026869893074035,0.1935480535030365,0.2522277235984802,0.0133333333333333,0.3666028678417206,3,3.1713101863861084
dev-p00-descending-s1,0,descending,1,26,0.311250627040863,0.1467576791808873,0.1486486486486486,0.3635261058807373,0.19801190495491028,0.3636262416839599,0.0,0.3274809122085571,3,3.18003249168396
dev-p00-descending-s1,0,descending,1,30,0.3433496356010437,0.1414473684210526,0.1428571428571428,0.3095288872718811,0.18963715434074402,0.2912548780441284,0.0129870129870129,0.3338553309440613,3,3.179586887359619
dev-p00-descending-s1,0,descending,1,34,0.3348479866981506,0.1475409836065573,0.1506849315068493,0.3133606016635895,0.18106719851493835,0.0884381905198097,0.0136986301369863,0.3568359613418579,3,3.1787304878234863
dev-p00-descending-s1,0,descending,1,38,0.3988575339317322,0.1554054054054054,0.1506849315068493,0.3399294316768646,0.1829242706298828,0.1130013167858123,0.0136986301369863,0.3218550384044647,3,3.171417713165283
dev-p00-descending-s1,0,descending,1,42,0.5035448670387268,0.1548821548821548,0.1506849315068493,0.3413906395435333,0.1888529658317566,0.1263519674539566,0.0,0.2935955822467804,3,3.175681829452514
dev-p00-descending-s1,0,descending,1,46,0.5336467623710632,0.1548821548821548,0.1621621621621621,0.3431576490402221,0.19298359751701355,0.1657942980527877,0.0135135135135135,0.2593880593776703,3,3.165810823440552
dev-p00-alternating-s0,0,alternating,0,-1,,0.0340425531914893,0.0185185185185185,0.2924724519252777,0.1435546875,0.0,0.0555555555555555,0.3499679267406463,0,
dev-p00-alternating-s0,0,alternating,0,2,0.3203047513961792,0.0347826086956521,0.0185185185185185,0.2968411147594452,0.14475831389427185,0.0466396585106849,0.0555555555555555,0.3463881611824035,3,3.17179012298584
dev-p00-alternating-s0,0,alternating,0,6,0.3137209117412567,0.0349344978165938,0.0185185185185185,0.2981784045696258,0.13986121118068695,0.0666055157780647,0.0555555555555555,0.3461882174015045,3,3.1766672134399414
dev-p00-alternating-s0,0,alternating,0,10,0.2872753441333771,0.0341880341880341,0.0185185185185185,0.3066408932209015,0.14287912845611572,0.236478790640831,0.0,0.3267004489898681,3,3.1685750484466557
dev-p00-alternating-s0,0,alternating,0,14,0.2904416024684906,0.0,0.0166666666666666,0.3645537197589874,0.14214305579662323,0.3259965181350708,0.05,0.3060323894023895,3,3.1733219623565674
dev-p00-alternating-s0,0,alternating,0,18,0.3070848286151886,0.0950570342205323,0.0985915492957746,0.4294899106025696,0.12943808734416962,0.52801513671875,0.1690140845070422,0.2389904856681823,3,3.178150415420532
dev-p00-alternating-s0,0,alternating,0,22,0.2949934899806976,0.1216730038022813,0.0972222222222222,0.4600606262683868,0.12405648082494736,0.6397225856781006,0.2222222222222222,0.1993665844202041,3,3.1790671348571777
dev-p00-alternating-s0,0,alternating,0,26,0.2816493213176727,0.1400966183574879,0.0972222222222222,0.511138916015625,0.15825515985488892,0.6451298594474792,0.3194444444444444,0.1698161661624908,3,3.1722421646118164
dev-p00-alternating-s0,0,alternating,0,30,0.3184464275836944,0.2159090909090909,0.1643835616438356,0.5101637840270996,0.13063137233257294,0.4937268495559692,0.0821917808219178,0.1721427887678146,3,3.158947467803955
dev-p00-alternating-s0,0,alternating,0,34,0.3349268138408661,0.0852272727272727,0.0972222222222222,0.4724088013172149,0.14591287076473236,0.3575085997581482,0.0555555555555555,0.20623479783535,3,3.172568082809448
dev-p00-alternating-s0,0,alternating,0,38,0.3785493373870849,0.0416666666666666,0.0178571428571428,0.3690555989742279,0.14628657698631287,0.1947718262672424,0.0,0.242934450507164,3,3.170456647872925
dev-p00-alternating-s0,0,alternating,0,42,0.4345667660236358,0.0425531914893617,0.0163934426229508,0.3597505390644073,0.14001470804214478,0.1876950860023498,0.0,0.2301485240459442,3,3.170518398284912
dev-p00-alternating-s0,0,alternating,0,46,0.4451140761375427,0.0412371134020618,0.0158730158730158,0.3628337383270263,0.12918272614479065,0.1959529519081115,0.0317460317460317,0.2071335017681121,3,3.207119941711426
dev-p00-alternating-s1,0,alternating,1,-1,,0.2988505747126437,0.1451612903225806,0.4581725001335144,0.19227419793605804,0.0,0.0,0.3000986874103546,0,
dev-p00-alternating-s1,0,alternating,1,2,0.2932640314102173,0.2938931297709923,0.3230769230769231,0.4534430801868438,0.19597755372524261,0.2470332533121109,0.0307692307692307,0.2845499515533447,3,3.199497938156128
dev-p00-alternating-s1,0,alternating,1,6,0.2884442806243896,0.2938931297709923,0.3230769230769231,0.4492905735969543,0.19367142021656036,0.2596504390239715,0.0307692307692307,0.2827309966087341,3,3.2003068923950195
dev-p00-alternating-s1,0,alternating,1,10,0.2963623404502868,0.2977099236641221,0.3181818181818182,0.4359046816825866,0.18404529988765717,0.3119939267635345,0.0151515151515151,0.2714597284793854,3,3.2087297439575195
dev-p00-alternating-s1,0,alternating,1,14,0.2742959260940552,0.3015267175572519,0.3333333333333333,0.436192125082016,0.17221622169017792,0.3357053399085998,0.0303030303030303,0.2699703872203827,3,3.188596725463867
dev-p00-alternating-s1,0,alternating,1,18,0.2846670150756836,0.3015267175572519,0.2876712328767123,0.4226115047931671,0.18105295300483704,0.3608010113239288,0.0,0.2720730304718017,3,3.1545417308807373
dev-p00-alternating-s1,0,alternating,1,22,0.2983106970787048,0.3015267175572519,0.3181818181818182,0.4521431624889374,0.14697584509849548,0.5884084105491638,0.0909090909090909,0.2602484822273254,3,3.1951589584350586
dev-p00-alternating-s1,0,alternating,1,26,0.311250627040863,0.2938931297709923,0.3076923076923077,0.4339454770088196,0.19395188987255096,0.3082487285137176,0.0153846153846153,0.2835908234119415,3,3.172478199005127
dev-p00-alternating-s1,0,alternating,1,30,0.3433496356010437,0.3487394957983193,0.2063492063492063,0.5357640385627747,0.19898799061775208,0.3439686000347137,0.0317460317460317,0.2367711961269378,3,3.1929187774658203
dev-p00-alternating-s1,0,alternating,1,34,0.3348479866981506,0.2911877394636015,0.1428571428571428,0.4700959920883178,0.1829237937927246,0.202422559261322,0.0,0.2844356000423431,3,3.17834997177124
dev-p00-alternating-s1,0,alternating,1,38,0.3988575339317322,0.2988505747126437,0.140625,0.4719738364219665,0.18736416101455688,0.1417199820280075,0.0,0.2639189958572387,3,3.1746747493743896
dev-p00-alternating-s1,0,alternating,1,42,0.5035448670387268,0.2988505747126437,0.1384615384615384,0.4707866907119751,0.18825510144233704,0.1599777042865753,0.0,0.2400985062122345,3,3.171651840209961
dev-p00-alternating-s1,0,alternating,1,46,0.5336467623710632,0.2988505747126437,0.1384615384615384,0.4782689809799194,0.19398608803749084,0.2009140253067016,0.0,0.2141043096780777,3,3.198333501815796
dev-p00-pedal-s0,0,pedal,0,-1,,0.0592592592592592,0.0666666666666666,0.3236424028873443,0.1435546875,0.0,0.0666666666666666,0.374167650938034,0,
dev-p00-pedal-s0,0,pedal,0,2,0.3203047513961792,0.0538720538720538,0.05,0.338902860879898,0.1387757658958435,0.0441336929798126,0.05,0.3629519641399383,3,3.1969432830810547
dev-p00-pedal-s0,0,pedal,0,6,0.3137209117412567,0.0547945205479452,0.050632911392405,0.3445156216621399,0.14106088876724243,0.0840028002858161,0.050632911392405,0.358094573020935,3,3.2126781940460205
dev-p00-pedal-s0,0,pedal,0,10,0.2872753441333771,0.0542372881355932,0.050632911392405,0.3552475273609161,0.13396018743515015,0.1454935371875763,0.050632911392405,0.3425657153129577,3,3.1846396923065186
dev-p00-pedal-s0,0,pedal,0,14,0.2904416024684906,0.0664556962025316,0.074074074074074,0.3957060873508453,0.15688903629779816,0.2783970534801483,0.074074074074074,0.3007735311985016,3,3.201243162155152
dev-p00-pedal-s0,0,pedal,0,18,0.3070848286151886,0.0696202531645569,0.073170731707317,0.4481818675994873,0.1622788906097412,0.4454727172851562,0.073170731707317,0.2567636370658874,3,3.2016141414642334
dev-p00-pedal-s0,0,pedal,0,22,0.2949934899806976,0.0754716981132075,0.072289156626506,0.519705057144165,0.14926427602767944,0.5764490365982056,0.072289156626506,0.2142281085252761,3,3.1997671127319336
dev-p00-pedal-s0,0,pedal,0,26,0.2816493213176727,0.0610169491525423,0.048780487804878,0.4835300743579864,0.1548149287700653,0.5948806405067444,0.0365853658536585,0.1989632099866867,3,3.1980502605438232
dev-p00-pedal-s0,0,pedal,0,30,0.3184464275836944,0.0470588235294117,0.0493827160493827,0.5114136338233948,0.16479989886283875,0.5076894164085388,0.0246913580246913,0.175622746348381,3,3.179603576660156
dev-p00-pedal-s0,0,pedal,0,34,0.3349268138408661,0.0825688073394495,0.0746268656716417,0.4957410991191864,0.16172900795936584,0.2491516023874282,0.0746268656716417,0.1871193349361419,3,3.205755710601806
dev-p00-pedal-s0,0,pedal,0,38,0.3785493373870849,0.0653061224489796,0.072463768115942,0.4435225129127502,0.15513986349105835,0.18527851998806,0.072463768115942,0.2060675472021103,3,3.2013356685638428
dev-p00-pedal-s0,0,pedal,0,42,0.4345667660236358,0.0653061224489796,0.0649350649350649,0.4304262995719909,0.14083649218082428,0.1940946727991104,0.0649350649350649,0.198715403676033,3,3.2043704986572266
dev-p00-pedal-s0,0,pedal,0,46,0.4451140761375427,0.065040650406504,0.0684931506849315,0.410170704126358,0.14492319524288177,0.1974347680807113,0.0684931506849315,0.1863387525081634,3,3.2052440643310547
dev-p00-pedal-s1,0,pedal,1,-1,,0.0,0.0,0.3201205730438232,0.19227419793605804,0.0,0.0,0.3999048471450805,0,
dev-p00-pedal-s1,0,pedal,1,2,0.2932640314102173,0.0,0.0,0.315768837928772,0.19985391199588776,0.2604237496852875,0.0,0.3698804080486297,3,3.200338363647461
dev-p00-pedal-s1,0,pedal,1,6,0.2884442806243896,0.0,0.0,0.3089382648468017,0.1880672127008438,0.3238836526870727,0.0,0.3499945700168609,3,3.201935291290283
dev-p00-pedal-s1,0,pedal,1,10,0.2963623404502868,0.0,0.0,0.3189735114574432,0.17554941773414612,0.3418593108654022,0.0,0.3477119207382202,3,3.2051172256469727
dev-p00-pedal-s1,0,pedal,1,14,0.2742959260940552,0.0,0.0,0.3478307127952575,0.16534225642681122,0.2593978345394134,0.0,0.3774401545524597,3,3.197777271270752
dev-p00-pedal-s1,0,pedal,1,18,0.2846670150756836,0.0,0.0135135135135135,0.3429097235202789,0.1712324470281601,0.2835626602172851,0.0135135135135135,0.3633340895175934,3,3.2124156951904297
dev-p00-pedal-s1,0,pedal,1,22,0.2983106970787048,0.0,0.0,0.3441477119922638,0.1888877898454666,0.3663401007652282,0.0,0.3657616972923279,3,3.1893632411956787
dev-p00-pedal-s1,0,pedal,1,26,0.311250627040863,0.0476190476190476,0.0689655172413793,0.4906887114048004,0.19584718346595764,0.5165149569511414,0.0689655172413793,0.2003505229949951,3,3.2101783752441406
dev-p00-pedal-s1,0,pedal,1,30,0.3433496356010437,0.1008064516129032,0.0909090909090909,0.5168220400810242,0.2115345597267151,0.5869690775871277,0.0909090909090909,0.1877330839633941,3,3.214634895324707
dev-p00-pedal-s1,0,pedal,1,34,0.3348479866981506,0.0,0.0,0.3739779591560364,0.19056633114814758,0.2099407464265823,0.0,0.3654004335403442,3,3.2152884006500244
dev-p00-pedal-s1,0,pedal,1,38,0.3988575339317322,0.0,0.0,0.4009790122509002,0.1927623152732849,0.1933433413505554,0.0,0.334444910287857,3,3.190627098083496
dev-p00-pedal-s1,0,pedal,1,42,0.5035448670387268,0.0,0.0,0.3930824995040893,0.19045177102088928,0.1612520217895507,0.0,0.3141267597675323,3,3.190613985061645
dev-p00-pedal-s1,0,pedal,1,46,0.5336467623710632,0.0,0.0,0.3826543688774109,0.18631762266159058,0.188835933804512,0.0,0.2884111404418945,3,3.2015085220336914
dev-p00-zigzag-s0,0,zigzag,0,-1,,0.0666666666666666,0.0666666666666666,0.3548204302787781,0.1435546875,0.0,0.05,0.3223447501659393,0,
dev-p00-zigzag-s0,0,zigzag,0,2,0.3203047513961792,0.083743842364532,0.0657894736842105,0.358026385307312,0.14715510606765747,0.0295690428465604,0.0394736842105263,0.317930519580841,3,3.2091622352600098
dev-p00-zigzag-s0,0,zigzag,0,6,0.3137209117412567,0.0744186046511627,0.0666666666666666,0.3598189651966095,0.15221624076366425,0.0516454763710498,0.04,0.3157203793525696,3,3.2025442123413086
dev-p00-zigzag-s0,0,zigzag,0,10,0.2872753441333771,0.0714285714285714,0.0657894736842105,0.3620638251304626,0.146604984998703,0.0823233425617218,0.0394736842105263,0.3122316896915436,3,3.19678282737732
dev-p00-zigzag-s0,0,zigzag,0,14,0.2904416024684906,0.0,0.0140845070422535,0.420714408159256,0.12539085745811462,0.2633101940155029,0.0422535211267605,0.2934913635253906,3,3.2055978775024414
dev-p00-zigzag-s0,0,zigzag,0,18,0.3070848286151886,0.125,0.1204819277108433,0.4541914165019989,0.1366126537322998,0.4660708904266357,0.2048192771084337,0.2516692280769348,3,3.217894554138184
dev-p00-zigzag-s0,0,zigzag,0,22,0.2949934899806976,0.2356687898089172,0.1204819277108433,0.4567011892795563,0.14036591351032257,0.6158045530319214,0.1927710843373494,0.2333855330944061,3,3.206449508666992
dev-p00-zigzag-s0,0,zigzag,0,26,0.2816493213176727,0.148014440433213,0.1585365853658536,0.4681975245475769,0.11982034891843796,0.5199514031410217,0.1951219512195122,0.2203557789325714,3,3.1971185207366943
dev-p00-zigzag-s0,0,zigzag,0,30,0.3184464275836944,0.0578947368421052,0.0735294117647058,0.4718134701251983,0.1638175994157791,0.3831735551357269,0.2058823529411764,0.2160375118255615,3,3.192245483398437
dev-p00-zigzag-s0,0,zigzag,0,34,0.3349268138408661,0.0759493670886076,0.0617283950617283,0.4670850932598114,0.14256680011749268,0.2639713585376739,0.1481481481481481,0.2317970693111419,3,3.199824094772339
dev-p00-zigzag-s0,0,zigzag,0,38,0.3785493373870849,0.0787037037037037,0.0704225352112676,0.4043586254119873,0.13974584639072418,0.1232637390494346,0.0,0.2494861483573913,3,3.202704668045044
dev-p00-zigzag-s0,0,zigzag,0,42,0.4345667660236358,0.0762331838565022,0.0684931506849315,0.4156696796417236,0.1354166865348816,0.1243123412132263,0.0273972602739726,0.2304477542638778,3,3.200237274169922
dev-p00-zigzag-s0,0,zigzag,0,46,0.4451140761375427,0.0793650793650793,0.0649350649350649,0.4251765012741089,0.14330348372459412,0.1406482458114624,0.0259740259740259,0.2042153030633926,3,3.20529580116272
dev-p00-zigzag-s1,0,zigzag,1,-1,,0.0953947368421052,0.0,0.3181476593017578,0.19227419793605804,0.0,0.0,0.3669859170913696,0,
dev-p00-zigzag-s1,0,zigzag,1,2,0.2932640314102173,0.0983606557377049,0.0789473684210526,0.3412757813930511,0.19808802008628845,0.2655277252197265,0.0263157894736842,0.3446215093135834,3,3.199934959411621
dev-p00-zigzag-s1,0,zigzag,1,6,0.2884442806243896,0.0918032786885245,0.0,0.3380552530288696,0.1977282017469406,0.2578694820404053,0.0136986301369863,0.3444275856018066,3,3.19840931892395
dev-p00-zigzag-s1,0,zigzag,1,10,0.2963623404502868,0.087248322147651,0.0,0.3380827009677887,0.1876174509525299,0.3233024775981903,0.0135135135135135,0.3346939980983734,3,3.2022600173950195
dev-p00-zigzag-s1,0,zigzag,1,14,0.2742959260940552,0.1143790849673202,0.0779220779220779,0.3359920680522918,0.18845927715301514,0.3621443212032318,0.0,0.3320203125476837,3,3.1911513805389404
dev-p00-zigzag-s1,0,zigzag,1,18,0.2846670150756836,0.1263157894736842,0.0869565217391304,0.396738588809967,0.194443941116333,0.3918281495571136,0.0144927536231884,0.2915805280208587,3,3.1995046138763428
dev-p00-zigzag-s1,0,zigzag,1,22,0.2983106970787048,0.2127659574468085,0.2054794520547945,0.4079789817333221,0.1677786409854889,0.5089043974876404,0.0136986301369863,0.2562246322631836,3,3.202059268951416
dev-p00-zigzag-s1,0,zigzag,1,26,0.311250627040863,0.1976744186046511,0.2222222222222222,0.4149633049964905,0.1789359152317047,0.5006320476531982,0.0952380952380952,0.2506315410137176,3,3.2014060020446777
dev-p00-zigzag-s1,0,zigzag,1,30,0.3433496356010437,0.2319391634980988,0.2307692307692307,0.4103370904922485,0.20702484250068665,0.5072866082191467,0.0153846153846153,0.2496335953474044,3,3.2042713165283203
dev-p00-zigzag-s1,0,zigzag,1,34,0.3348479866981506,0.1381578947368421,0.0,0.3372417092323303,0.18561354279518127,0.1173079162836074,0.0,0.3330990970134735,3,3.2016232013702397
dev-p00-zigzag-s1,0,zigzag,1,38,0.3988575339317322,0.1414473684210526,0.0,0.3423974514007568,0.18376481533050537,0.1263179183006286,0.0,0.3133390843868255,3,3.202833414077759
dev-p00-zigzag-s1,0,zigzag,1,42,0.5035448670387268,0.140983606557377,0.0,0.3548172116279602,0.19124442338943481,0.1424867957830429,0.0,0.2851929068565368,3,3.200902223587036
dev-p00-zigzag-s1,0,zigzag,1,46,0.5336467623710632,0.1311475409836065,0.0,0.3622509241104126,0.1956591159105301,0.1772845536470413,0.0,0.2548581063747406,3,3.204565525054932
dev-p01-ascending-s0,1,ascending,0,-1,,0.1159420289855072,0.1341463414634146,0.2608514130115509,0.1688067764043808,0.0,0.0,0.3997244238853454,0,
dev-p01-ascending-s0,1,ascending,0,2,0.3203820884227752,0.1279461279461279,0.1341463414634146,0.2636630833148956,0.17464156448841095,0.0785253345966339,0.0,0.3939098715782165,3,3.2018306255340576
dev-p01-ascending-s0,1,ascending,0,6,0.3138730227947235,0.1157894736842105,0.1341463414634146,0.2637520730495453,0.15435755252838135,0.0757559463381767,0.0,0.3937843441963196,3,3.200335502624512
dev-p01-ascending-s0,1,ascending,0,10,0.2874893546104431,0.1118881118881118,0.1341463414634146,0.2651833593845367,0.1592351645231247,0.0943398475646972,0.0,0.3911647796630859,3,3.205106496810913
dev-p01-ascending-s0,1,ascending,0,14,0.2894793748855591,0.1338028169014084,0.1358024691358024,0.2871372103691101,0.14433978497982025,0.1771455705165863,0.0,0.3809630274772644,3,3.208015918731689
dev-p01-ascending-s0,1,ascending,0,18,0.3078429400920868,0.1498257839721254,0.1645569620253164,0.3048746287822723,0.13863949477672577,0.2893499135971069,0.0,0.3661188185214996,3,3.1881890296936035
dev-p01-ascending-s0,1,ascending,0,22,0.2921358048915863,0.1937984496124031,0.2297297297297297,0.387716680765152,0.10346309095621109,0.5448024272918701,0.0405405405405405,0.3279384970664978,3,3.2132065296173096
dev-p01-ascending-s0,1,ascending,0,26,0.273994505405426,0.1945525291828793,0.2465753424657534,0.4570755064487457,0.18226465582847595,0.4962419867515564,0.0273972602739726,0.3060782849788666,3,3.178112268447876
dev-p01-ascending-s0,1,ascending,0,30,0.3169028759002685,0.4405286343612334,0.417910447761194,0.4516485035419464,0.18098503351211548,0.389078140258789,0.0,0.3108422756195068,3,3.188103437423706
dev-p01-ascending-s0,1,ascending,0,34,0.3533521592617035,0.352059925093633,0.3291139240506329,0.3771944642066955,0.1598445475101471,0.338997334241867,0.0,0.3201513290405273,3,3.2015373706817627
dev-p01-ascending-s0,1,ascending,0,38,0.4491535425186157,0.1450381679389313,0.2098765432098765,0.3254951238632202,0.16590799391269684,0.1785656660795211,0.0,0.3049774169921875,3,3.198538303375244
dev-p01-ascending-s0,1,ascending,0,42,0.5570507645606995,0.1417910447761194,0.1829268292682926,0.3116505444049835,0.16004031896591187,0.1782362312078476,0.0,0.290530651807785,3,3.2084906101226807
dev-p01-ascending-s0,1,ascending,0,46,0.6032624244689941,0.1391941391941392,0.1463414634146341,0.3041241765022278,0.1812366545200348,0.1770402640104293,0.0,0.2709864675998688,3,3.2076995372772217
dev-p01-ascending-s1,1,ascending,1,-1,,0.0729483282674772,0.0833333333333333,0.1436027139425277,0.2693619728088379,0.0,0.0714285714285714,0.4454436600208282,0,
dev-p01-ascending-s1,1,ascending,1,2,0.2932847738265991,0.0701219512195122,0.0833333333333333,0.1364269405603408,0.2627125084400177,0.086776927113533,0.0714285714285714,0.4461606740951538,3,3.196820020675659
dev-p01-ascending-s1,1,ascending,1,6,0.2886057198047638,0.0670731707317073,0.0833333333333333,0.1325254440307617,0.2541731595993042,0.1485726684331894,0.0714285714285714,0.446298211812973,3,3.1892619132995605
dev-p01-ascending-s1,1,ascending,1,10,0.2966264188289642,0.0725075528700906,0.0833333333333333,0.1227451786398887,0.25117525458335876,0.318149983882904,0.0595238095238095,0.4425956308841705,3,3.201428174972534
dev-p01-ascending-s1,1,ascending,1,14,0.2746379375457763,0.0534591194968553,0.0357142857142857,0.123131439089775,0.22287331521511078,0.6636679172515869,0.1071428571428571,0.4322604835033417,3,3.203526258468628
dev-p01-ascending-s1,1,ascending,1,18,0.2861532568931579,0.0220125786163522,0.0120481927710843,0.0945004746317863,0.21979445219039917,1.1546339988708496,0.072289156626506,0.445212185382843,3,3.200261116027832
dev-p01-ascending-s1,1,ascending,1,22,0.2962469458580017,0.0476190476190476,0.0246913580246913,0.1066876575350761,0.2068386971950531,1.0571328401565552,0.0617283950617283,0.4432860910892486,3,3.209721803665161
dev-p01-ascending-s1,1,ascending,1,26,0.3113138377666473,0.0836012861736334,0.0375,0.211360827088356,0.2518203854560852,0.5958132147789001,0.0625,0.3818375468254089,3,3.154048204421997
dev-p01-ascending-s1,1,ascending,1,30,0.3366375565528869,0.0729166666666666,0.048780487804878,0.1868219822645187,0.2174311876296997,0.6313052773475647,0.0365853658536585,0.4023301005363464,3,3.181238889694214
dev-p01-ascending-s1,1,ascending,1,34,0.3497666716575622,0.0766871165644171,0.0833333333333333,0.1847707480192184,0.24541155993938446,0.2305438220500946,0.0595238095238095,0.3837189972400665,3,3.1830368041992188
dev-p01-ascending-s1,1,ascending,1,38,0.4152440428733825,0.073394495412844,0.0952380952380952,0.1869976371526718,0.25759977102279663,0.2118138968944549,0.0595238095238095,0.3673965632915497,3,3.179373979568481
dev-p01-ascending-s1,1,ascending,1,42,0.5366728901863098,0.0764525993883792,0.0963855421686747,0.1753473728895187,0.2586670517921448,0.2106004059314727,0.0602409638554216,0.346093088388443,3,3.202504873275757
dev-p01-ascending-s1,1,ascending,1,46,0.580700159072876,0.0759878419452887,0.0963855421686747,0.1691698879003524,0.2547130882740021,0.2234076410531997,0.0602409638554216,0.3027505874633789,3,3.209742307662964
dev-p01-descending-s0,1,descending,0,-1,,0.0507246376811594,0.1341463414634146,0.2328329533338546,0.1688067764043808,0.0,0.0,0.4293443262577057,0,
dev-p01-descending-s0,1,descending,0,2,0.3203820884227752,0.1161971830985915,0.1341463414634146,0.2359664142131805,0.1642915904521942,0.0534405633807182,0.0,0.4255847632884979,3,3.16866135597229
dev-p01-descending-s0,1,descending,0,6,0.3138730227947235,0.05,0.1341463414634146,0.2357832938432693,0.15873728692531586,0.07333654910326,0.0,0.4272312223911285,3,3.178630828857422
dev-p01-descending-s0,1,descending,0,10,0.2874893546104431,0.0498220640569395,0.1375,0.2369518429040908,0.11331617832183838,0.1262858659029007,0.0,0.4261966347694397,3,3.1722307205200195
dev-p01-descending-s0,1,descending,0,14,0.2894793748855591,0.1382636655948553,0.1341463414634146,0.246270403265953,0.14525249600410461,0.1324324011802673,0.0,0.4146338701248169,3,3.171051025390625
dev-p01-descending-s0,1,descending,0,18,0.3078429400920868,0.1563636363636363,0.1375,0.2455737292766571,0.12210673838853836,0.2828431725502014,0.0,0.4204279482364654,3,3.175957202911377
dev-p01-descending-s0,1,descending,0,22,0.2921358048915863,0.0519031141868512,0.1375,0.2611525356769562,0.10561452805995941,0.3708844482898712,0.0,0.4059103429317474,3,3.169365882873535
dev-p01-descending-s0,1,descending,0,26,0.273994505405426,0.1627906976744186,0.1604938271604938,0.3310064971446991,0.11989054828882217,0.3292897641658783,0.0246913580246913,0.3896621763706207,3,3.175839424133301
dev-p01-descending-s0,1,descending,0,30,0.3169028759002685,0.1376811594202898,0.125,0.380521684885025,0.14992102980613708,0.3227533400058746,0.0,0.3532568216323852,3,3.205776691436768
dev-p01-descending-s0,1,descending,0,34,0.3533521592617035,0.1698841698841698,0.1604938271604938,0.3791269659996032,0.1870490163564682,0.2347810119390487,0.0246913580246913,0.3383060097694397,3,3.199501276016236
dev-p01-descending-s0,1,descending,0,38,0.4491535425186157,0.1352313167259786,0.1358024691358024,0.303644448518753,0.1769324541091919,0.2124482095241546,0.0,0.3223561644554138,3,3.203761339187622
dev-p01-descending-s0,1,descending,0,42,0.5570507645606995,0.1423220973782771,0.1219512195121951,0.3017863631248474,0.1715238243341446,0.1702505350112915,0.0,0.3065501451492309,3,3.171534776687622
dev-p01-descending-s0,1,descending,0,46,0.6032624244689941,0.1407407407407407,0.1219512195121951,0.2972740530967712,0.17083106935024261,0.1759110242128372,0.0,0.2852789461612701,3,3.172248125076294
dev-p01-descending-s1,1,descending,1,-1,,0.2218844984802431,0.2261904761904762,0.2960195541381836,0.2693619728088379,0.0,0.0714285714285714,0.4057030379772186,0,
dev-p01-descending-s1,1,descending,1,2,0.2932847738265991,0.2188449848024316,0.2261904761904762,0.2903442978858948,0.2563876807689667,0.1052031144499778,0.0595238095238095,0.4052134752273559,3,3.175858736038208
dev-p01-descending-s1,1,descending,1,6,0.2886057198047638,0.2232415902140672,0.2345679012345679,0.2861762344837188,0.25338777899742126,0.2438053786754608,0.0493827160493827,0.4048283100128174,3,3.160042762756348
dev-p01-descending-s1,1,descending,1,10,0.2966264188289642,0.2279635258358662,0.2317073170731707,0.2865750789642334,0.2181973159313202,0.6795753836631775,0.073170731707317,0.3980047404766083,3,3.174455165863037
dev-p01-descending-s1,1,descending,1,14,0.2746379375457763,0.2307692307692307,0.1666666666666666,0.2819891571998596,0.21934039890766144,0.7504681944847107,0.1071428571428571,0.394608736038208,3,3.1718316078186035
dev-p01-descending-s1,1,descending,1,18,0.2861532568931579,0.221875,0.2,0.283345878124237,0.20592890679836273,0.8381699323654175,0.0705882352941176,0.3836428821086883,3,3.171489715576172
dev-p01-descending-s1,1,descending,1,22,0.2962469458580017,0.1452702702702702,0.144578313253012,0.2674416899681091,0.20434093475341797,1.3654447793960571,0.0481927710843373,0.4063654243946075,3,3.17556095123291
dev-p01-descending-s1,1,descending,1,26,0.3113138377666473,0.2345679012345679,0.2409638554216867,0.3182611763477325,0.21914257109165192,0.6120721101760864,0.1686746987951807,0.3673943877220154,3,3.1764087677001958
dev-p01-descending-s1,1,descending,1,30,0.3366375565528869,0.2184615384615384,0.2289156626506024,0.3074747025966644,0.26086580753326416,0.1655559241771698,0.0602409638554216,0.3780810534954071,3,3.16890025138855
dev-p01-descending-s1,1,descending,1,34,0.3497666716575622,0.2298136645962732,0.2289156626506024,0.3167572319507599,0.24971821904182434,0.1549241989850998,0.0602409638554216,0.360383540391922,3,3.170916557312012
dev-p01-descending-s1,1,descending,1,38,0.4152440428733825,0.2225609756097561,0.2317073170731707,0.3281604945659637,0.25755369663238525,0.168113574385643,0.0609756097560975,0.3307947814464569,3,3.165053129196167
dev-p01-descending-s1,1,descending,1,42,0.5366728901863098,0.2218844984802431,0.2289156626506024,0.3197088539600372,0.2599684000015259,0.181499108672142,0.0602409638554216,0.303714245557785,3,3.169856071472168
dev-p01-descending-s1,1,descending,1,46,0.580700159072876,0.2218844984802431,0.2289156626506024,0.3204894065856933,0.2646484971046448,0.2315965741872787,0.0602409638554216,0.2655434906482696,3,3.1771883964538574
dev-p01-alternating-s0,1,alternating,0,-1,,0.2384937238493724,0.3098591549295774,0.2456961870193481,0.1688067764043808,0.0,0.0,0.4082807302474975,0,
dev-p01-alternating-s0,1,alternating,0,2,0.3203820884227752,0.3151750972762646,0.3098591549295774,0.2511526346206665,0.16792869567871094,0.0975705236196518,0.0,0.3993707001209259,3,3.175953149795532
dev-p01-alternating-s0,1,alternating,0,6,0.3138730227947235,0.3151750972762646,0.3098591549295774,0.256948709487915,0.1527017056941986,0.158954232931137,0.0,0.391660988330841,3,3.1736040115356445
dev-p01-alternating-s0,1,alternating,0,10,0.2874893546104431,0.3359375,0.3098591549295774,0.2642880976200104,0.15894955396652222,0.1835186034440994,0.0,0.3880351483821869,3,3.1687636375427246
dev-p01-alternating-s0,1,alternating,0,14,0.2894793748855591,0.3227091633466135,0.3098591549295774,0.2668954133987427,0.1430831104516983,0.2197463363409042,0.0,0.3849470615386963,3,3.1690776348114014
dev-p01-alternating-s0,1,alternating,0,18,0.3078429400920868,0.31640625,0.3235294117647059,0.310465008020401,0.11421363800764084,0.4571488797664642,0.0,0.3427475392818451,3,3.166756391525269
dev-p01-alternating-s0,1,alternating,0,22,0.2921358048915863,0.2801556420233463,0.2676056338028169,0.3853289484977722,0.12806737422943115,0.5874668955802917,0.0,0.2912440896034241,3,3.1587438583374023
dev-p01-alternating-s0,1,alternating,0,26,0.273994505405426,0.2037735849056604,0.1944444444444444,0.4631707668304443,0.1907367706298828,0.6340401768684387,0.0138888888888888,0.2349443584680557,3,3.169975519180298
dev-p01-alternating-s0,1,alternating,0,30,0.3169028759002685,0.2985074626865671,0.3098591549295774,0.439765065908432,0.18853431940078735,0.6146262288093567,0.0704225352112676,0.2328925877809524,3,3.1729769706726074
dev-p01-alternating-s0,1,alternating,0,34,0.3533521592617035,0.315018315018315,0.3098591549295774,0.3611069619655609,0.15904930233955383,0.3260655701160431,0.0,0.2788688540458679,3,3.172692060470581
dev-p01-alternating-s0,1,alternating,0,38,0.4491535425186157,0.3279352226720647,0.3142857142857143,0.3042967915534973,0.15966714918613434,0.1836504787206649,0.0,0.2970085740089416,3,3.1830854415893555
dev-p01-alternating-s0,1,alternating,0,42,0.5570507645606995,0.3568281938325991,0.3098591549295774,0.2990537285804748,0.1572895050048828,0.1866551339626312,0.0,0.278577595949173,3,3.178539752960205
dev-p01-alternating-s0,1,alternating,0,46,0.6032624244689941,0.3537117903930131,0.3098591549295774,0.2997881174087524,0.16892021894454956,0.2007816880941391,0.0,0.2603477537631988,3,3.17195463180542
dev-p01-alternating-s1,1,alternating,1,-1,,0.2377622377622377,0.2328767123287671,0.3399330079555511,0.2693619728088379,0.0,0.0821917808219178,0.3182561993598938,0,
dev-p01-alternating-s1,1,alternating,1,2,0.2932847738265991,0.2350877192982456,0.2328767123287671,0.3395510911941528,0.26654115319252014,0.0636837556958198,0.0821917808219178,0.3170168399810791,3,3.198596239089966
dev-p01-alternating-s1,1,alternating,1,6,0.2886057198047638,0.2350877192982456,0.2361111111111111,0.3373371362686157,0.2596578598022461,0.1867837905883789,0.0694444444444444,0.3172853887081146,3,3.164029121398926
dev-p01-alternating-s1,1,alternating,1,10,0.2966264188289642,0.2014134275618374,0.2112676056338028,0.3406285941600799,0.23547443747520447,0.4257408380508423,0.1126760563380281,0.3215909302234649,3,3.176421403884888
dev-p01-alternating-s1,1,alternating,1,14,0.2746379375457763,0.2107142857142857,0.2191780821917808,0.3468817770481109,0.21148890256881714,0.7424224615097046,0.0547945205479452,0.3084895312786102,3,3.174447774887085
dev-p01-alternating-s1,1,alternating,1,18,0.2861532568931579,0.2422145328719723,0.3243243243243243,0.377028614282608,0.1995352804660797,0.996634602546692,0.1351351351351351,0.3027762472629547,3,3.17543888092041
dev-p01-alternating-s1,1,alternating,1,22,0.2962469458580017,0.2698961937716263,0.2837837837837837,0.3910580575466156,0.19979557394981384,0.985991895198822,0.1756756756756756,0.2753009498119354,3,3.180392265319824
dev-p01-alternating-s1,1,alternating,1,26,0.3113138377666473,0.2727272727272727,0.2972972972972973,0.4148162007331848,0.2306206077337265,0.7347105741500854,0.1486486486486486,0.2765144109725952,3,3.18523383140564
dev-p01-alternating-s1,1,alternating,1,30,0.3366375565528869,0.2648083623693379,0.3243243243243243,0.406093955039978,0.2560075521469116,0.3949469327926636,0.1081081081081081,0.2473423779010772,3,3.174596071243286
dev-p01-alternating-s1,1,alternating,1,34,0.3497666716575622,0.2394366197183098,0.2972972972972973,0.3946302533149719,0.25765109062194824,0.2788035273551941,0.081081081081081,0.2407615333795547,3,3.188316583633423
dev-p01-alternating-s1,1,alternating,1,38,0.4152440428733825,0.2377622377622377,0.2191780821917808,0.391819566488266,0.26078444719314575,0.2328599542379379,0.0410958904109589,0.2380568981170654,3,3.189903736114502
dev-p01-alternating-s1,1,alternating,1,42,0.5366728901863098,0.2377622377622377,0.2222222222222222,0.3848680555820465,0.26376888155937195,0.2357461154460907,0.0416666666666666,0.2289900630712509,3,3.212410449981689
dev-p01-alternating-s1,1,alternating,1,46,0.580700159072876,0.2404181184668989,0.2253521126760563,0.3802164196968078,0.27059173583984375,0.2742022573947906,0.0422535211267605,0.2106660902500152,3,3.198737144470215
dev-p01-pedal-s0,1,pedal,0,-1,,0.0,0.0,0.1290633678436279,0.1688067764043808,0.0,0.0,0.4659873247146606,0,
dev-p01-pedal-s0,1,pedal,0,2,0.3203820884227752,0.0,0.0121951219512195,0.1438180953264236,0.1595337688922882,0.1072336360812187,0.0121951219512195,0.4520144164562225,3,3.191622257232666
dev-p01-pedal-s0,1,pedal,0,6,0.3138730227947235,0.0,0.0121951219512195,0.1580322384834289,0.1627066433429718,0.1582136303186416,0.0121951219512195,0.4369454085826874,3,3.2009613513946533
dev-p01-pedal-s0,1,pedal,0,10,0.2874893546104431,0.0,0.0121951219512195,0.1649732291698455,0.17558294534683228,0.1786700338125229,0.0121951219512195,0.4293470978736877,3,3.2135305404663086
dev-p01-pedal-s0,1,pedal,0,14,0.2894793748855591,0.0,0.0,0.2299085408449173,0.16153839230537415,0.3113011121749878,0.0,0.3655178844928741,3,3.2103559970855717
dev-p01-pedal-s0,1,pedal,0,18,0.3078429400920868,0.0,0.0123456790123456,0.2742372453212738,0.16901454329490662,0.4073361158370971,0.0123456790123456,0.3164874017238617,3,3.2111849784851074
dev-p01-pedal-s0,1,pedal,0,22,0.2921358048915863,0.0808823529411764,0.0135135135135135,0.3413310348987579,0.21159595251083374,0.4252374172210693,0.0135135135135135,0.2919711172580719,3,3.1666433811187744
dev-p01-pedal-s0,1,pedal,0,26,0.273994505405426,0.2372262773722627,0.1585365853658536,0.5151755213737488,0.14626550674438477,0.6696361303329468,0.0121951219512195,0.2100571095943451,3,3.168679714202881
dev-p01-pedal-s0,1,pedal,0,30,0.3169028759002685,0.1447368421052631,0.1463414634146341,0.4747917652130127,0.18585479259490967,0.5566707253456116,0.0121951219512195,0.2072199136018753,3,3.203604221343994
dev-p01-pedal-s0,1,pedal,0,34,0.3533521592617035,0.0836501901140684,0.0649350649350649,0.4233982563018799,0.18887841701507568,0.3343756198883056,0.0,0.2383788377046585,3,3.33103346824646
dev-p01-pedal-s0,1,pedal,0,38,0.4491535425186157,0.0,0.0,0.2226086556911468,0.16550005972385406,0.211999699473381,0.0,0.2826027572154999,3,3.207221031188965
dev-p01-pedal-s0,1,pedal,0,42,0.5570507645606995,0.0,0.0125,0.2004513889551162,0.1719849854707718,0.2233037650585174,0.0125,0.2813754081726074,3,3.2024245262146
dev-p01-pedal-s0,1,pedal,0,46,0.6032624244689941,0.0,0.0121951219512195,0.1904575824737548,0.1684020459651947,0.2335096299648285,0.0121951219512195,0.2655697762966156,3,3.215126037597656
dev-p01-pedal-s1,1,pedal,1,-1,,0.0,0.0,0.1069586649537086,0.2693619728088379,0.0,0.0,0.5153742432594299,0,
dev-p01-pedal-s1,1,pedal,1,2,0.2932847738265991,0.0,0.0,0.1084193214774131,0.2688237726688385,0.0776318833231926,0.0,0.5050452947616577,3,3.184699535369873
dev-p01-pedal-s1,1,pedal,1,6,0.2886057198047638,0.0,0.0,0.1147882118821144,0.2558894753456116,0.2288921624422073,0.0,0.486602783203125,3,3.1993391513824463
dev-p01-pedal-s1,1,pedal,1,10,0.2966264188289642,0.0,0.0,0.1459246277809143,0.23487672209739685,0.5075660347938538,0.0,0.4380506873130798,3,3.187875509262085
dev-p01-pedal-s1,1,pedal,1,14,0.2746379375457763,0.0,0.0,0.1756080985069275,0.22744940221309662,0.5668546557426453,0.0,0.3914931118488312,3,3.1884512901306152
dev-p01-pedal-s1,1,pedal,1,18,0.2861532568931579,0.0327868852459016,0.0,0.1930753290653228,0.2430574893951416,0.9940842986106871,0.0,0.3529074788093567,3,3.190296173095703
dev-p01-pedal-s1,1,pedal,1,22,0.2962469458580017,0.0136518771331058,0.0,0.218458667397499,0.2523055076599121,1.025769591331482,0.0,0.3116611242294311,3,3.214334011077881
dev-p01-pedal-s1,1,pedal,1,26,0.3113138377666473,0.0615384615384615,0.0465116279069767,0.3032245337963104,0.2341669648885727,0.7185420989990234,0.0465116279069767,0.272558182477951,3,3.1905996799468994
dev-p01-pedal-s1,1,pedal,1,30,0.3366375565528869,0.0219435736677116,0.0240963855421686,0.3063199520111084,0.24927859008312225,0.593040406703949,0.0240963855421686,0.2403887808322906,3,3.1950933933258057
dev-p01-pedal-s1,1,pedal,1,34,0.3497666716575622,0.0,0.0,0.242985263466835,0.2597290277481079,0.484230101108551,0.0,0.2717746794223785,3,3.2021594047546387
dev-p01-pedal-s1,1,pedal,1,38,0.4152440428733825,0.0,0.0,0.2168912291526794,0.262628436088562,0.3427035510540008,0.0,0.2976295948028564,3,3.1801507472991943
dev-p01-pedal-s1,1,pedal,1,42,0.5366728901863098,0.0,0.0,0.1925008744001388,0.2647826075553894,0.39057257771492,0.0,0.2939306795597076,3,3.1864893436431885
dev-p01-pedal-s1,1,pedal,1,46,0.580700159072876,0.0,0.0,0.1766584813594818,0.2632431387901306,0.4308499991893768,0.0,0.2831430733203888,3,3.202936887741089
dev-p01-zigzag-s0,1,zigzag,0,-1,,0.2210144927536232,0.2317073170731707,0.3168574571609497,0.1688067764043808,0.0,0.0,0.3561677932739258,0,
dev-p01-zigzag-s0,1,zigzag,0,2,0.3203820884227752,0.225,0.2439024390243902,0.3199578821659088,0.15797759592533112,0.06421909481287,0.0,0.3532082140445709,3,3.2018001079559326
dev-p01-zigzag-s0,1,zigzag,0,6,0.3138730227947235,0.2304964539007092,0.2439024390243902,0.3209329545497894,0.14260469377040863,0.0939682573080062,0.0,0.3538350164890289,3,3.19343900680542
dev-p01-zigzag-s0,1,zigzag,0,10,0.2874893546104431,0.2562277580071174,0.2716049382716049,0.3197448551654815,0.13938558101654053,0.1554170697927475,0.0,0.3576697111129761,3,3.2084765434265137
dev-p01-zigzag-s0,1,zigzag,0,14,0.2894793748855591,0.2429022082018927,0.2560975609756097,0.3398421108722687,0.1442084014415741,0.1974902004003524,0.0,0.3463666439056396,3,3.208051443099976
dev-p01-zigzag-s0,1,zigzag,0,18,0.3078429400920868,0.2444444444444444,0.2345679012345679,0.3637396097183227,0.14524789154529572,0.3624810874462127,0.0,0.3296958208084106,3,3.1955857276916504
dev-p01-zigzag-s0,1,zigzag,0,22,0.2921358048915863,0.2761194029850746,0.2777777777777778,0.359630286693573,0.13639205694198608,0.4487693905830383,0.0277777777777777,0.306803286075592,3,3.202514886856079
dev-p01-zigzag-s0,1,zigzag,0,26,0.273994505405426,0.2538461538461538,0.2361111111111111,0.4690555334091186,0.1323443204164505,0.6339749693870544,0.0555555555555555,0.2572425603866577,3,3.204219341278076
dev-p01-zigzag-s0,1,zigzag,0,30,0.3169028759002685,0.2560553633217993,0.2716049382716049,0.4366975724697113,0.13999131321907043,0.380418062210083,0.0,0.2557148039340973,3,3.203795909881592
dev-p01-zigzag-s0,1,zigzag,0,34,0.3533521592617035,0.2808988764044944,0.22,0.4327152073383331,0.12394101172685623,0.349480390548706,0.0,0.2506686151027679,3,3.1994097232818604
dev-p01-zigzag-s0,1,zigzag,0,38,0.4491535425186157,0.2164179104477611,0.2716049382716049,0.3849035203456878,0.17491325736045837,0.186278760433197,0.0,0.2657155096530914,3,3.207045793533325
dev-p01-zigzag-s0,1,zigzag,0,42,0.5570507645606995,0.2810218978102189,0.2682926829268293,0.3766448497772217,0.1682032346725464,0.1743352860212326,0.0,0.2499316930770874,3,3.213168144226074
dev-p01-zigzag-s0,1,zigzag,0,46,0.6032624244689941,0.291970802919708,0.2682926829268293,0.3744575977325439,0.1618829071521759,0.1782364547252655,0.0,0.2311763018369674,3,3.172338485717773
dev-p01-zigzag-s1,1,zigzag,1,-1,,0.2006079027355623,0.2023809523809523,0.2639120817184448,0.2693619728088379,0.0,0.0714285714285714,0.3890804350376129,0,
dev-p01-zigzag-s1,1,zigzag,1,2,0.2932847738265991,0.198170731707317,0.2073170731707317,0.2583087086677551,0.2579900026321411,0.1222956478595733,0.0609756097560975,0.3948710858821869,3,3.1725759506225586
dev-p01-zigzag-s1,1,zigzag,1,6,0.2886057198047638,0.198170731707317,0.2048192771084337,0.2554286122322082,0.2523250877857208,0.2259333580732345,0.0602409638554216,0.3958127200603485,3,3.1660680770874023
dev-p01-zigzag-s1,1,zigzag,1,10,0.2966264188289642,0.1969696969696969,0.1666666666666666,0.2533305585384369,0.22936828434467316,0.624798595905304,0.119047619047619,0.36846923828125,3,3.169311761856079
dev-p01-zigzag-s1,1,zigzag,1,14,0.2746379375457763,0.1651090342679127,0.1647058823529411,0.262610912322998,0.1989763379096985,0.7994893193244934,0.1294117647058823,0.3564563393592834,3,3.175203800201416
dev-p01-zigzag-s1,1,zigzag,1,18,0.2861532568931579,0.1457627118644067,0.1325301204819277,0.2673700749874115,0.20493930578231812,1.4317044019699097,0.0602409638554216,0.348963588476181,3,3.1695423126220703
dev-p01-zigzag-s1,1,zigzag,1,22,0.2962469458580017,0.1472602739726027,0.1375,0.30118528008461,0.23253688216209412,1.464479923248291,0.0875,0.3258423209190368,3,3.1740505695343018
dev-p01-zigzag-s1,1,zigzag,1,26,0.3113138377666473,0.2289156626506024,0.2325581395348837,0.3302255570888519,0.23316216468811035,0.6996495127677917,0.1162790697674418,0.3181035220623016,3,3.170132875442505
dev-p01-zigzag-s1,1,zigzag,1,30,0.3366375565528869,0.2261146496815286,0.1829268292682926,0.3245794773101806,0.23955278098583221,0.6067438721656799,0.0365853658536585,0.3028335273265838,3,3.175469160079956
dev-p01-zigzag-s1,1,zigzag,1,34,0.3497666716575622,0.2120253164556962,0.2073170731707317,0.300200492143631,0.2610093653202057,0.2578433156013489,0.048780487804878,0.3198133707046509,3,3.173980474472046
dev-p01-zigzag-s1,1,zigzag,1,38,0.4152440428733825,0.2,0.2073170731707317,0.3046583831310272,0.2566342353820801,0.2083805650472641,0.048780487804878,0.3117527067661285,3,3.178280830383301
dev-p01-zigzag-s1,1,zigzag,1,42,0.5366728901863098,0.2048929663608562,0.216867469879518,0.3021235466003418,0.2659371495246887,0.2746535837650299,0.0481927710843373,0.2807402610778808,3,3.2042558193206787
dev-p01-zigzag-s1,1,zigzag,1,46,0.580700159072876,0.2036474164133738,0.2048192771084337,0.3058946430683136,0.2659212350845337,0.3228447437286377,0.036144578313253,0.2463977485895156,3,3.18995213508606
dev-p02-ascending-s0,2,ascending,0,-1,,0.0981012658227848,0.1162790697674418,0.2712668180465698,0.21692094206809998,0.0,0.0,0.3599988222122192,0,
dev-p02-ascending-s0,2,ascending,0,2,0.3206501007080078,0.0952380952380952,0.1162790697674418,0.2763388156890869,0.17956826090812683,0.0303966756910085,0.0116279069767441,0.3567128777503967,3,3.192472219467163
dev-p02-ascending-s0,2,ascending,0,6,0.3141336143016815,0.03690036900369,0.081081081081081,0.3109020590782165,0.16558849811553955,0.1143179014325141,0.0135135135135135,0.3545455932617187,3,3.200923204421997
dev-p02-ascending-s0,2,ascending,0,10,0.2885832190513611,0.0590163934426229,0.0813953488372093,0.2840669453144073,0.15379853546619415,0.0899824202060699,0.0116279069767441,0.3491422235965729,3,3.200337648391724
dev-p02-ascending-s0,2,ascending,0,14,0.2905536293983459,0.2087912087912088,0.2222222222222222,0.3527427613735199,0.2087169587612152,0.2135420739650726,0.0987654320987654,0.3361997604370117,3,3.184342622756958
dev-p02-ascending-s0,2,ascending,0,18,0.3073262870311737,0.2724137931034482,0.2716049382716049,0.3518613576889038,0.18059830367565155,0.3529713451862335,0.3703703703703703,0.2978355586528778,3,3.2008063793182373
dev-p02-ascending-s0,2,ascending,0,22,0.2935743927955627,0.2159468438538206,0.2142857142857142,0.344269186258316,0.2069280743598938,0.4850738942623138,0.369047619047619,0.2863188982009887,3,3.1929993629455566
dev-p02-ascending-s0,2,ascending,0,26,0.2782004177570343,0.2673611111111111,0.25,0.3484244644641876,0.18904447555541992,0.3537023663520813,0.3928571428571428,0.2767892181873321,3,3.189180374145508
dev-p02-ascending-s0,2,ascending,0,30,0.3058053255081177,0.1492537313432835,0.1511627906976744,0.2841612994670868,0.1554681956768036,0.1273023039102554,0.0232558139534883,0.3255853652954101,3,3.188562631607056
dev-p02-ascending-s0,2,ascending,0,34,0.2928038239479065,0.1407185628742515,0.1395348837209302,0.2897719144821167,0.1658567190170288,0.1251596063375473,0.0116279069767441,0.3105710744857788,3,3.205096244812012
dev-p02-ascending-s0,2,ascending,0,38,0.3240945935249328,0.1381381381381381,0.1395348837209302,0.2900323569774627,0.1633627563714981,0.2005615830421447,0.0116279069767441,0.2842409014701843,3,3.2109742164611816
dev-p02-ascending-s0,2,ascending,0,42,0.3864924907684326,0.1337579617834395,0.1395348837209302,0.2942006886005401,0.1493227481842041,0.2377436310052871,0.0116279069767441,0.2593478262424469,3,3.2046618461608887
dev-p02-ascending-s0,2,ascending,0,46,0.3931881189346313,0.1323076923076923,0.1395348837209302,0.28642138838768,0.18279315531253815,0.251896858215332,0.0116279069767441,0.231959730386734,3,3.1893868446350098
dev-p02-ascending-s1,2,ascending,1,-1,,0.0,0.0129870129870129,0.1753550916910171,0.16594412922859192,0.0,0.0,0.3952395021915436,0,
dev-p02-ascending-s1,2,ascending,1,2,0.2935112118721008,0.0040485829959514,0.0,0.1914561092853546,0.15961219370365143,0.1356027424335479,0.0135135135135135,0.3946609199047088,3,3.1800007820129395
dev-p02-ascending-s1,2,ascending,1,6,0.2893762290477752,0.0,0.0,0.1903428137302398,0.149908185005188,0.1693095266819,0.0133333333333333,0.3976719379425049,3,3.193291664123535
dev-p02-ascending-s1,2,ascending,1,10,0.29758220911026,0.0037735849056603,0.0,0.2159672379493713,0.17246383428573608,0.220844954252243,0.0277777777777777,0.3944305181503296,3,3.1946847438812256
dev-p02-ascending-s1,2,ascending,1,14,0.2778829932212829,0.0582010582010582,0.1411764705882353,0.2443235367536544,0.1827884018421173,0.3139885663986206,0.0,0.3968579471111297,3,3.197609663009644
dev-p02-ascending-s1,2,ascending,1,18,0.2886546850204468,0.052863436123348,0.1558441558441558,0.2636674046516418,0.1728890836238861,0.3671489953994751,0.0,0.3968169689178467,3,3.187349319458008
dev-p02-ascending-s1,2,ascending,1,22,0.2989027798175812,0.052863436123348,0.1481481481481481,0.2751528918743133,0.1792834848165512,0.3686200380325317,0.0,0.3961681723594665,3,3.18549919128418
dev-p02-ascending-s1,2,ascending,1,26,0.3112470805644989,0.042016806722689,0.1411764705882353,0.2684550285339355,0.17279666662216187,0.3420249819755554,0.0,0.3923005163669586,3,3.186314582824707
dev-p02-ascending-s1,2,ascending,1,30,0.3285734057426452,0.1618705035971223,0.1710526315789473,0.3007503151893616,0.21405300498008728,0.3111723065376282,0.0526315789473684,0.3054878413677215,3,3.1810965538024902
dev-p02-ascending-s1,2,ascending,1,34,0.3309793770313263,0.1504702194357366,0.1645569620253164,0.3077490031719208,0.2102878987789154,0.2630393803119659,0.0126582278481012,0.2771114408969879,3,3.1897244453430176
dev-p02-ascending-s1,2,ascending,1,38,0.3539325892925262,0.1305841924398625,0.1566265060240964,0.2826941907405853,0.1789972186088562,0.1831531226634979,0.0,0.2729584872722626,3,3.2059693336486816
dev-p02-ascending-s1,2,ascending,1,42,0.4011335670948028,0.0046296296296296,0.1216216216216216,0.2466309368610382,0.1652258038520813,0.1325230002403259,0.0,0.2610511183738708,3,3.2091968059539795
dev-p02-ascending-s1,2,ascending,1,46,0.405809998512268,0.0,0.0666666666666666,0.2376071959733963,0.14190898835659027,0.1405021846294403,0.0,0.2355278879404068,3,3.1907479763031006
dev-p02-descending-s0,2,descending,0,-1,,0.1360759493670886,0.1395348837209302,0.3347616195678711,0.21692094206809998,0.0,0.0,0.3617812395095825,0,
dev-p02-descending-s0,2,descending,0,2,0.3206501007080078,0.1641221374045801,0.2235294117647059,0.3491070866584778,0.20277690887451172,0.0813620537519455,0.0117647058823529,0.3566823899745941,3,3.188100576400757
dev-p02-descending-s0,2,descending,0,6,0.3141336143016815,0.1753731343283582,0.2027027027027027,0.3517923653125763,0.17233389616012573,0.1155426055192947,0.0135135135135135,0.3556026816368103,3,3.196213960647583
dev-p02-descending-s0,2,descending,0,10,0.2885832190513611,0.2087912087912088,0.2465753424657534,0.3558252453804016,0.1874009668827057,0.1295111179351806,0.0136986301369863,0.3521895110607147,3,3.182441473007202
dev-p02-descending-s0,2,descending,0,14,0.2905536293983459,0.1486068111455108,0.1511627906976744,0.3516985177993774,0.1659347116947174,0.1121400669217109,0.0116279069767441,0.3511818945407867,3,3.188673257827759
dev-p02-descending-s0,2,descending,0,18,0.3073262870311737,0.1438127090301003,0.1466666666666666,0.2891100645065307,0.12900152802467346,0.4241471588611603,0.0,0.3824775218963623,3,3.19183611869812
dev-p02-descending-s0,2,descending,0,22,0.2935743927955627,0.32,0.2441860465116279,0.3890106379985809,0.16828426718711853,0.2149770855903625,0.1395348837209302,0.3061668574810028,3,3.1860923767089844
dev-p02-descending-s0,2,descending,0,26,0.2782004177570343,0.3115727002967359,0.3023255813953488,0.4034935235977173,0.16439920663833618,0.2535567581653595,0.2674418604651162,0.2902105450630188,3,3.1794824600219727
dev-p02-descending-s0,2,descending,0,30,0.3058053255081177,0.1310975609756097,0.1511627906976744,0.317647248506546,0.15554654598236084,0.1107336357235908,0.0232558139534883,0.3364820480346679,3,3.1924173831939697
dev-p02-descending-s0,2,descending,0,34,0.2928038239479065,0.1382636655948553,0.1627906976744186,0.3480024039745331,0.14890605211257935,0.1148041784763336,0.0232558139534883,0.3228969871997833,3,3.1920387744903564
dev-p02-descending-s0,2,descending,0,38,0.3240945935249328,0.1467576791808873,0.1860465116279069,0.3511084318161011,0.16344814002513885,0.1431248039007187,0.0116279069767441,0.2940170764923095,3,3.187124729156494
dev-p02-descending-s0,2,descending,0,42,0.3864924907684326,0.1373801916932907,0.1511627906976744,0.3556973040103912,0.17549097537994385,0.1742980182170868,0.0116279069767441,0.2637671828269958,3,3.1968419551849365
dev-p02-descending-s0,2,descending,0,46,0.3931881189346313,0.1352201257861635,0.1395348837209302,0.3534835875034332,0.18061520159244537,0.1839330494403839,0.0,0.232921302318573,3,3.174161911010742
dev-p02-descending-s1,2,descending,1,-1,,0.0869565217391304,0.0649350649350649,0.1915278732776641,0.16594412922859192,0.0,0.0,0.4171165227890014,0,
dev-p02-descending-s1,2,descending,1,2,0.2935112118721008,0.1274900398406374,0.1025641025641025,0.1981305480003357,0.1503923237323761,0.1264198571443557,0.0128205128205128,0.4090369045734405,3,3.204420566558838
dev-p02-descending-s1,2,descending,1,6,0.2893762290477752,0.14453125,0.1621621621621621,0.221032828092575,0.15184015035629272,0.1894699186086654,0.027027027027027,0.4023532271385193,3,3.183446884155273
dev-p02-descending-s1,2,descending,1,10,0.29758220911026,0.224,0.1707317073170731,0.2590223252773285,0.19017261266708374,0.2746610939502716,0.024390243902439,0.3899073302745819,3,3.1792383193969727
dev-p02-descending-s1,2,descending,1,14,0.2778829932212829,0.2666666666666666,0.119047619047619,0.2921297252178192,0.2029113471508026,0.3368764519691467,0.0,0.3924905955791473,3,3.184201955795288
dev-p02-descending-s1,2,descending,1,18,0.2886546850204468,0.2553191489361702,0.1785714285714285,0.3043532967567444,0.1768530160188675,0.3684475719928741,0.0119047619047619,0.39071124792099,3,3.1918129920959477
dev-p02-descending-s1,2,descending,1,22,0.2989027798175812,0.358974358974359,0.1860465116279069,0.309704065322876,0.1748756766319275,0.3714153468608856,0.0116279069767441,0.3860477209091186,3,3.1799442768096924
dev-p02-descending-s1,2,descending,1,26,0.3112470805644989,0.3073770491803279,0.1176470588235294,0.2966626286506653,0.17861711978912354,0.3530913591384887,0.0,0.38245490193367,3,3.1819100379943848
dev-p02-descending-s1,2,descending,1,30,0.3285734057426452,0.1993355481727574,0.2142857142857142,0.2685953080654144,0.20070764422416687,0.3209224939346313,0.0476190476190476,0.347734659910202,3,3.174998044967652
dev-p02-descending-s1,2,descending,1,34,0.3309793770313263,0.1026490066225165,0.119047619047619,0.2585546970367431,0.18737608194351196,0.2023599296808242,0.0119047619047619,0.3289179503917694,3,3.184509754180908
dev-p02-descending-s1,2,descending,1,38,0.3539325892925262,0.1728395061728395,0.1265822784810126,0.2616118788719177,0.15612509846687317,0.1666498929262161,0.0,0.3092364966869354,3,3.1841986179351807
dev-p02-descending-s1,2,descending,1,42,0.4011335670948028,0.1478599221789883,0.1,0.2441889494657516,0.166152685880661,0.169567197561264,0.0,0.2786881625652313,3,3.180771827697754
dev-p02-descending-s1,2,descending,1,46,0.405809998512268,0.1354581673306772,0.0571428571428571,0.2528102099895477,0.16878747940063477,0.1790269166231155,0.0,0.2434904128313064,3,3.19756817817688
dev-p02-alternating-s0,2,alternating,0,-1,,0.0,0.0133333333333333,0.2570947408676147,0.21692094206809998,0.0,0.0,0.4170563817024231,0,
dev-p02-alternating-s0,2,alternating,0,2,0.3206501007080078,0.0,0.0133333333333333,0.2482251673936844,0.14687666296958923,0.0313477665185928,0.0133333333333333,0.4094385206699371,3,3.1796464920043945
dev-p02-alternating-s0,2,alternating,0,6,0.3141336143016815,0.0,0.0133333333333333,0.2427926659584045,0.17985020577907562,0.0493213012814521,0.0133333333333333,0.4053034782409668,3,3.203856945037842
dev-p02-alternating-s0,2,alternating,0,10,0.2885832190513611,0.0167785234899328,0.0266666666666666,0.2511551082134247,0.21237394213676453,0.07591562718153,0.0266666666666666,0.3910999000072479,3,3.189884662628174
dev-p02-alternating-s0,2,alternating,0,14,0.2905536293983459,0.0583657587548638,0.04,0.3383369743824005,0.17295147478580475,0.2075539231300354,0.04,0.3159956634044647,3,3.18355131149292
dev-p02-alternating-s0,2,alternating,0,18,0.3073262870311737,0.2030651340996168,0.2058823529411764,0.4187680184841156,0.19874536991119385,0.3940809965133667,0.4705882352941176,0.2361611723899841,3,3.1840851306915283
dev-p02-alternating-s0,2,alternating,0,22,0.2935743927955627,0.4285714285714285,0.4266666666666667,0.4829092919826507,0.15420182049274445,0.4878204464912414,1.0,0.186714231967926,3,3.1919431686401367
dev-p02-alternating-s0,2,alternating,0,26,0.2782004177570343,0.4186046511627907,0.4266666666666667,0.4892759323120117,0.15640553832054138,0.4882024526596069,1.0,0.1687060296535492,3,3.181005954742432
dev-p02-alternating-s0,2,alternating,0,30,0.3058053255081177,0.0434782608695652,0.04,0.2661519050598144,0.1630326807498932,0.1901657283306121,0.04,0.2831448316574096,3,3.1868252754211426
dev-p02-alternating-s0,2,alternating,0,34,0.2928038239479065,0.0134680134680134,0.0133333333333333,0.2562192678451538,0.1429641842842102,0.1498219519853592,0.0133333333333333,0.3149648606777191,3,3.1867306232452397
dev-p02-alternating-s0,2,alternating,0,38,0.3240945935249328,0.0,0.0133333333333333,0.2634801864624023,0.1673225611448288,0.1597839146852493,0.0133333333333333,0.2989168167114258,3,3.179891347885132
dev-p02-alternating-s0,2,alternating,0,42,0.3864924907684326,0.0,0.0266666666666666,0.2652164697647095,0.14979635179042816,0.1803943961858749,0.0133333333333333,0.2785267233848572,3,3.1810414791107178
dev-p02-alternating-s0,2,alternating,0,46,0.3931881189346313,0.0,0.0266666666666666,0.266319215297699,0.1766456961631775,0.2120802849531173,0.0,0.2603569626808166,3,3.169289350509644
dev-p02-alternating-s1,2,alternating,1,-1,,0.0772532188841201,0.0606060606060606,0.2560193836688995,0.16594412922859192,0.0,0.0,0.3180080056190491,0,
dev-p02-alternating-s1,2,alternating,1,2,0.2935112118721008,0.1055276381909547,0.1864406779661017,0.2955506443977356,0.17170801758766174,0.1643625646829605,0.0,0.2844190299510956,3,3.1894826889038086
dev-p02-alternating-s1,2,alternating,1,6,0.2893762290477752,0.1139896373056994,0.1791044776119403,0.3213525116443634,0.15338373184204102,0.1906065046787262,0.0298507462686567,0.2753693759441376,3,3.185256004333496
dev-p02-alternating-s1,2,alternating,1,10,0.29758220911026,0.1465968586387434,0.1896551724137931,0.3727049827575683,0.19096118211746216,0.2622270286083221,0.0,0.2461650967597961,3,3.184858798980713
dev-p02-alternating-s1,2,alternating,1,14,0.2778829932212829,0.0957446808510638,0.081081081081081,0.4567610621452331,0.16822874546051025,0.3654424846172333,0.0135135135135135,0.2196242064237594,3,3.1956899166107178
dev-p02-alternating-s1,2,alternating,1,18,0.2886546850204468,0.1986062717770035,0.1066666666666666,0.5655053853988647,0.20130625367164612,0.4627143144607544,0.1066666666666666,0.2138087898492813,3,3.193265676498413
dev-p02-alternating-s1,2,alternating,1,22,0.2989027798175812,0.2571428571428571,0.08,0.5401642322540283,0.2072603404521942,0.4224210679531097,0.08,0.2118124365806579,3,3.193796873092652
dev-p02-alternating-s1,2,alternating,1,26,0.3112470805644989,0.2967479674796748,0.2083333333333333,0.4414969384670257,0.20122358202934265,0.3636506795883178,0.0277777777777777,0.2059426009654998,3,3.1854472160339355
dev-p02-alternating-s1,2,alternating,1,30,0.3285734057426452,0.140495867768595,0.1111111111111111,0.4601795375347137,0.18723776936531067,0.3092570602893829,0.0694444444444444,0.2145404070615768,3,3.184150695800781
dev-p02-alternating-s1,2,alternating,1,34,0.3309793770313263,0.1985559566787003,0.2054794520547945,0.3701346218585968,0.20573130249977112,0.2091472297906875,0.0136986301369863,0.2209518402814865,3,3.1779918670654297
dev-p02-alternating-s1,2,alternating,1,38,0.3539325892925262,0.0922330097087378,0.1791044776119403,0.3461795151233673,0.1722882091999054,0.1629700362682342,0.0,0.2159968316555023,3,3.185617685317993
dev-p02-alternating-s1,2,alternating,1,42,0.4011335670948028,0.1359223300970873,0.0972222222222222,0.3293361365795135,0.16177307069301605,0.1796312928199768,0.0,0.2027842998504638,3,3.192495822906494
dev-p02-alternating-s1,2,alternating,1,46,0.405809998512268,0.1173708920187793,0.0833333333333333,0.3196160495281219,0.18285930156707764,0.2003134340047836,0.0,0.181224912405014,3,3.1962203979492188
dev-p02-pedal-s0,2,pedal,0,-1,,0.0,0.0,0.1052340716123581,0.21692094206809998,0.0,0.0,0.6287102699279785,0,
dev-p02-pedal-s0,2,pedal,0,2,0.3206501007080078,0.0,0.0,0.1022739186882972,0.14487406611442566,0.1081068590283393,0.0,0.6315867304801941,3,3.185330629348755
dev-p02-pedal-s0,2,pedal,0,6,0.3141336143016815,0.0,0.0,0.0998390540480613,0.16645920276641846,0.1130496487021446,0.0,0.6139711737632751,3,3.182279348373413
dev-p02-pedal-s0,2,pedal,0,10,0.2885832190513611,0.0888888888888888,0.0813953488372093,0.3327841758728027,0.14477160573005676,0.1852848678827285,0.0,0.5147547125816345,3,3.184713840484619
dev-p02-pedal-s0,2,pedal,0,14,0.2905536293983459,0.3215686274509804,0.2558139534883721,0.4894836246967315,0.17875611782073975,0.3002721071243286,0.0,0.3661702871322632,3,3.1857709884643555
dev-p02-pedal-s0,2,pedal,0,18,0.3073262870311737,0.4912790697674418,0.5,0.5683627724647522,0.14230285584926605,0.4676647186279297,0.0,0.2108887583017349,3,3.181712865829468
dev-p02-pedal-s0,2,pedal,0,22,0.2935743927955627,0.5,0.5,0.5758422613143921,0.1605258584022522,0.5142313838005066,0.0,0.1881215125322342,3,3.190659761428833
dev-p02-pedal-s0,2,pedal,0,26,0.2782004177570343,0.5,0.5,0.5868439078330994,0.1333928108215332,0.4890903532505035,0.0,0.1565746963024139,3,3.1889021396636963
dev-p02-pedal-s0,2,pedal,0,30,0.3058053255081177,0.060790273556231,0.0697674418604651,0.2797107696533203,0.1626976728439331,0.2632215917110443,0.0,0.2688778638839721,3,3.1909642219543457
dev-p02-pedal-s0,2,pedal,0,34,0.2928038239479065,0.0,0.0,0.1453959345817566,0.16712835431098938,0.1893674880266189,0.0,0.4104479253292084,3,3.192493438720703
dev-p02-pedal-s0,2,pedal,0,38,0.3240945935249328,0.0,0.0,0.137901172041893,0.15742820501327515,0.2180891782045364,0.0,0.3968136310577392,3,3.192295551300049
dev-p02-pedal-s0,2,pedal,0,42,0.3864924907684326,0.0,0.0,0.1282148212194442,0.147690087556839,0.2398704290390014,0.0,0.3852579891681671,3,3.191688299179077
dev-p02-pedal-s0,2,pedal,0,46,0.3931881189346313,0.0,0.0,0.1145204529166221,0.16382399201393127,0.2430143654346466,0.0,0.3741305768489837,3,3.1850860118865967
dev-p02-pedal-s1,2,pedal,1,-1,,0.0,0.0,0.1146688014268875,0.16594412922859192,0.0,0.0,0.4341877996921539,0,
dev-p02-pedal-s1,2,pedal,1,2,0.2935112118721008,0.0,0.0,0.1620320975780487,0.1563679426908493,0.1648061126470565,0.0,0.3872340321540832,3,3.186821460723877
dev-p02-pedal-s1,2,pedal,1,6,0.2893762290477752,0.0073260073260073,0.0,0.2360234856605529,0.1604345142841339,0.2005631327629089,0.0,0.3678704500198364,3,3.180461883544922
dev-p02-pedal-s1,2,pedal,1,10,0.29758220911026,0.0133779264214046,0.0,0.3017967939376831,0.17547914385795593,0.2794911861419678,0.0,0.3348194062709808,3,3.187084436416626
dev-p02-pedal-s1,2,pedal,1,14,0.2778829932212829,0.0,0.0,0.3658972978591919,0.17848265171051025,0.3415056765079498,0.0,0.3111471533775329,3,3.189936637878418
dev-p02-pedal-s1,2,pedal,1,18,0.2886546850204468,0.1556291390728476,0.1046511627906976,0.4869284927845001,0.21162313222885132,0.4441104829311371,0.0,0.2735069394111633,3,3.180647850036621
dev-p02-pedal-s1,2,pedal,1,22,0.2989027798175812,0.334448160535117,0.3023255813953488,0.4981302618980407,0.1987837553024292,0.4666706323623657,0.0,0.2441411614418029,3,3.1827425956726074
dev-p02-pedal-s1,2,pedal,1,26,0.3112470805644989,0.0311418685121107,0.0930232558139534,0.4805428385734558,0.19037172198295593,0.4277793169021606,0.0,0.2294536679983139,3,3.182220220565796
dev-p02-pedal-s1,2,pedal,1,30,0.3285734057426452,0.2346938775510204,0.2048192771084337,0.5455873012542725,0.20778828859329224,0.4455446600914001,0.0,0.1950668841600418,3,3.175498008728028
dev-p02-pedal-s1,2,pedal,1,34,0.3309793770313263,0.0591900311526479,0.0843373493975903,0.4082421064376831,0.19008919596672058,0.3655908107757568,0.0,0.2408008873462677,3,3.185863494873047
dev-p02-pedal-s1,2,pedal,1,38,0.3539325892925262,0.0116279069767441,0.0,0.3436779677867889,0.18858665227890015,0.2534152567386627,0.0,0.2240547835826873,3,3.193228483200073
dev-p02-pedal-s1,2,pedal,1,42,0.4011335670948028,0.0072992700729927,0.0,0.2600573301315307,0.16890572011470795,0.2276259809732437,0.0,0.2280998528003692,3,3.206847906112671
dev-p02-pedal-s1,2,pedal,1,46,0.405809998512268,0.0037735849056603,0.0,0.2078854292631149,0.1711282879114151,0.2569319307804107,0.0,0.2156981527805328,3,3.198119163513184
dev-p02-zigzag-s0,2,zigzag,0,-1,,0.0,0.0,0.2214938104152679,0.21692094206809998,0.0,0.0,0.4031579196453094,0,
dev-p02-zigzag-s0,2,zigzag,0,2,0.3206501007080078,0.0,0.0465116279069767,0.2334683239459991,0.17202480137348175,0.0596743524074554,0.0116279069767441,0.4073074758052826,3,3.185779094696045
dev-p02-zigzag-s0,2,zigzag,0,6,0.3141336143016815,0.0,0.0470588235294117,0.2336085587739944,0.17435461282730103,0.1015482321381568,0.0117647058823529,0.4116025269031524,3,3.184451103210449
dev-p02-zigzag-s0,2,zigzag,0,10,0.2885832190513611,0.0140845070422535,0.0581395348837209,0.2284902781248092,0.18029434978961945,0.1245398595929145,0.0116279069767441,0.4094178378582001,3,3.1913392543792725
dev-p02-zigzag-s0,2,zigzag,0,14,0.2905536293983459,0.0535714285714285,0.0348837209302325,0.262395828962326,0.18077991902828217,0.1940620988607406,0.1162790697674418,0.3405628800392151,3,3.1809332370758057
dev-p02-zigzag-s0,2,zigzag,0,18,0.3073262870311737,0.303886925795053,0.3134328358208955,0.3317071199417114,0.1989208310842514,0.400597333908081,0.6417910447761194,0.2428587675094604,3,3.1875557899475098
dev-p02-zigzag-s0,2,zigzag,0,22,0.2935743927955627,0.2470930232558139,0.2441860465116279,0.3327591121196747,0.16642498970031738,0.4828497469425201,0.9767441860465116,0.2320031076669693,3,3.1890499591827397
dev-p02-zigzag-s0,2,zigzag,0,26,0.2782004177570343,0.2692307692307692,0.2597402597402597,0.3519201874732971,0.20076914131641388,0.3684546947479248,0.5844155844155844,0.2393989562988281,3,3.1832504272460938
dev-p02-zigzag-s0,2,zigzag,0,30,0.3058053255081177,0.0175953079178885,0.0232558139534883,0.2176855951547622,0.1567474603652954,0.1637186259031295,0.0232558139534883,0.3264069259166717,3,3.191473960876465
dev-p02-zigzag-s0,2,zigzag,0,34,0.2928038239479065,0.0148809523809523,0.0232558139534883,0.2381463795900344,0.17853273451328278,0.1322482377290725,0.0232558139534883,0.3291631042957306,3,3.1886777877807617
dev-p02-zigzag-s0,2,zigzag,0,38,0.3240945935249328,0.0,0.0232558139534883,0.2495668828487396,0.17357224225997925,0.1565952897071838,0.0116279069767441,0.3056280314922333,3,3.190927505493164
dev-p02-zigzag-s0,2,zigzag,0,42,0.3864924907684326,0.0,0.0232558139534883,0.2439280152320861,0.2027144432067871,0.2094731330871582,0.0116279069767441,0.2835349142551422,3,3.19451642036438
dev-p02-zigzag-s0,2,zigzag,0,46,0.3931881189346313,0.0,0.0232558139534883,0.2429588735103607,0.15946239233016968,0.2088438719511032,0.0,0.2595081031322479,3,3.1763172149658203
dev-p02-zigzag-s1,2,zigzag,1,-1,,0.0326086956521739,0.0259740259740259,0.2194737493991851,0.16594412922859192,0.0,0.0,0.3912551701068878,0,
dev-p02-zigzag-s1,2,zigzag,1,2,0.2935112118721008,0.0588235294117647,0.1,0.2347998768091201,0.17168819904327393,0.14650259912014,0.0125,0.3782020509243011,3,3.188152551651001
dev-p02-zigzag-s1,2,zigzag,1,6,0.2893762290477752,0.0627450980392156,0.0416666666666666,0.2462795674800872,0.1598152369260788,0.1817459315061569,0.0138888888888888,0.3741849660873413,3,3.1838526725769043
dev-p02-zigzag-s1,2,zigzag,1,10,0.29758220911026,0.0858369098712446,0.0606060606060606,0.2676193714141845,0.1830618679523468,0.242478147149086,0.0,0.3628595471382141,3,3.1940159797668457
dev-p02-zigzag-s1,2,zigzag,1,14,0.2778829932212829,0.0,0.0117647058823529,0.3053402006626129,0.22190150618553162,0.3222205638885498,0.0,0.3454461395740509,3,3.2076330184936523
dev-p02-zigzag-s1,2,zigzag,1,18,0.2886546850204468,0.0744680851063829,0.0697674418604651,0.3573253154754638,0.1880282312631607,0.3984606564044952,0.0697674418604651,0.3339711427688598,3,3.202267646789551
dev-p02-zigzag-s1,2,zigzag,1,22,0.2989027798175812,0.1751592356687898,0.0813953488372093,0.3601800203323364,0.20232850313186646,0.3874481916427612,0.0813953488372093,0.3319894671440124,3,3.2041735649108887
dev-p02-zigzag-s1,2,zigzag,1,26,0.3112470805644989,0.1469534050179211,0.0240963855421686,0.3167150318622589,0.21054726839065552,0.362382560968399,0.0120481927710843,0.3303481340408325,3,3.1890640258789062
dev-p02-zigzag-s1,2,zigzag,1,30,0.3285734057426452,0.0240963855421686,0.024390243902439,0.3009136915206909,0.1951654553413391,0.2915233373641968,0.0121951219512195,0.3255547881126404,3,3.180358409881592
dev-p02-zigzag-s1,2,zigzag,1,34,0.3309793770313263,0.0355987055016181,0.0595238095238095,0.2677277028560638,0.19061864912509918,0.1981028169393539,0.0119047619047619,0.3083356320858001,3,3.189642429351806
dev-p02-zigzag-s1,2,zigzag,1,38,0.3539325892925262,0.0543933054393305,0.0632911392405063,0.2717326581478119,0.20649267733097076,0.168678730726242,0.0,0.2937138974666595,3,3.208442687988281
dev-p02-zigzag-s1,2,zigzag,1,42,0.4011335670948028,0.0530973451327433,0.0405405405405405,0.2852486968040466,0.17379392683506012,0.175808310508728,0.0,0.2648986876010895,3,3.198986530303955
dev-p02-zigzag-s1,2,zigzag,1,46,0.405809998512268,0.056,0.044776119402985,0.2799609005451202,0.1729547381401062,0.1913990825414657,0.0,0.2394639551639557,3,3.207358837127685
dev-p03-ascending-s0,3,ascending,0,-1,,0.1545893719806763,0.1282051282051282,0.4000848829746246,0.0724029466509819,0.0,0.4358974358974359,0.2796100080013275,0,
dev-p03-ascending-s0,3,ascending,0,2,0.3202512562274933,0.1322314049586777,0.1428571428571428,0.4028823673725128,0.08197078108787537,0.1001354977488517,0.4285714285714285,0.2784282565116882,3,3.1903076171875
dev-p03-ascending-s0,3,ascending,0,6,0.3137683868408203,0.1800947867298578,0.1964285714285714,0.3834444880485534,0.10726290941238403,0.78092360496521,0.5,0.2754126787185669,3,3.2040951251983643
dev-p03-ascending-s0,3,ascending,0,10,0.2877546846866607,0.1346938775510204,0.15,0.3891459703445434,0.07687408477067947,0.8266742825508118,0.4333333333333333,0.2700925171375274,3,3.1853957176208496
dev-p03-ascending-s0,3,ascending,0,14,0.2892642617225647,0.1666666666666666,0.1403508771929824,0.4028318524360657,0.07680874317884445,0.9022936820983888,0.3508771929824561,0.2689329981803894,3,3.1966867446899414
dev-p03-ascending-s0,3,ascending,0,18,0.3051818907260895,0.1227272727272727,0.1176470588235294,0.4021522104740143,0.11176423728466034,0.9807279109954834,0.1470588235294117,0.2694267928600311,3,3.188868761062622
dev-p03-ascending-s0,3,ascending,0,22,0.2916362583637237,0.1466666666666666,0.1126760563380281,0.4033510088920593,0.08691219240427017,1.023427963256836,0.2112676056338028,0.2607148885726928,3,3.197417020797729
dev-p03-ascending-s0,3,ascending,0,26,0.2714715898036957,0.1291512915129151,0.1341463414634146,0.3851892650127411,0.055730048567056656,0.9381774067878724,0.4634146341463415,0.2281926423311233,3,3.2092745304107666
dev-p03-ascending-s0,3,ascending,0,30,0.3106058537960052,0.1514195583596214,0.1547619047619047,0.4387632310390472,0.08861447870731354,0.8301742076873779,0.4761904761904761,0.2205704897642135,3,3.2082114219665527
dev-p03-ascending-s0,3,ascending,0,34,0.3396633863449096,0.1940928270042194,0.2191780821917808,0.4385250806808471,0.05823061615228653,0.4308293759822845,0.5342465753424658,0.2140883058309555,3,3.2038042545318604
dev-p03-ascending-s0,3,ascending,0,38,0.4096640944480896,0.1818181818181818,0.1714285714285714,0.4172218739986419,0.06268389523029327,0.2063892185688018,0.5,0.2209570556879043,3,3.1996164321899414
dev-p03-ascending-s0,3,ascending,0,42,0.4756000638008117,0.1883408071748878,0.1829268292682926,0.4220476746559143,0.06422382593154907,0.1947408765554428,0.4634146341463415,0.2027374356985092,3,3.190154552459717
dev-p03-ascending-s0,3,ascending,0,46,0.476649671792984,0.2146341463414634,0.1923076923076923,0.4263337254524231,0.08597689867019653,0.2085580080747604,0.4743589743589743,0.1803053170442581,3,3.2038090229034424
dev-p03-ascending-s1,3,ascending,1,-1,,0.0289855072463768,0.04,0.2768811583518982,0.2877011299133301,0.0,0.0933333333333333,0.2601553201675415,0,
dev-p03-ascending-s1,3,ascending,1,2,0.2933060824871063,0.0326086956521739,0.04,0.2791097462177276,0.2875262498855591,0.0663031637668609,0.0933333333333333,0.2579582631587982,3,3.1960721015930176
dev-p03-ascending-s1,3,ascending,1,6,0.2886572480201721,0.0367647058823529,0.04,0.2792367935180664,0.2955656051635742,0.1073992326855659,0.0933333333333333,0.2575567960739136,3,3.203778028488159
dev-p03-ascending-s1,3,ascending,1,10,0.2959047853946686,0.0334572490706319,0.0547945205479452,0.283480703830719,0.2859427034854889,0.1206513866782188,0.1095890410958904,0.2577874064445495,3,3.2010498046875
dev-p03-ascending-s1,3,ascending,1,14,0.2747665345668793,0.0355871886120996,0.0547945205479452,0.2825989127159118,0.2782794237136841,0.1835149824619293,0.1095890410958904,0.2557757496833801,3,3.1889190673828125
dev-p03-ascending-s1,3,ascending,1,18,0.2842718362808227,0.0557491289198606,0.0666666666666666,0.2937236428260803,0.25935646891593933,0.4101259112358093,0.12,0.255596250295639,3,3.187933921813965
dev-p03-ascending-s1,3,ascending,1,22,0.2925862073898315,0.0463320463320463,0.0533333333333333,0.2847075760364532,0.2508189082145691,0.3637547791004181,0.1066666666666666,0.2569731175899505,3,3.19344425201416
dev-p03-ascending-s1,3,ascending,1,26,0.3070105314254761,0.0463320463320463,0.0555555555555555,0.2951912879943847,0.2699565887451172,0.3466502726078033,0.125,0.2500848770141601,3,3.20891547203064
dev-p03-ascending-s1,3,ascending,1,30,0.3328674435615539,0.0634328358208955,0.054054054054054,0.3221781253814697,0.1787348985671997,0.3784242570400238,0.0405405405405405,0.2309843450784683,3,3.186888694763184
dev-p03-ascending-s1,3,ascending,1,34,0.3060549199581146,0.0663900414937759,0.0793650793650793,0.3369069695472717,0.2693115472793579,0.3123784363269806,0.0317460317460317,0.2126920521259308,3,3.208127737045288
dev-p03-ascending-s1,3,ascending,1,38,0.3512935638427734,0.0700389105058365,0.081967213114754,0.3248989582061767,0.2811676263809204,0.2171172946691513,0.0327868852459016,0.2076496630907058,3,3.1904847621917725
dev-p03-ascending-s1,3,ascending,1,42,0.3917790651321411,0.0615942028985507,0.0666666666666666,0.3178691267967224,0.27569055557250977,0.206429898738861,0.04,0.1866268813610077,3,3.187844038009644
dev-p03-ascending-s1,3,ascending,1,46,0.4177092909812927,0.0569395017793594,0.08,0.3244739174842834,0.2695327401161194,0.2440923452377319,0.04,0.1551629602909088,3,3.207197427749634
dev-p03-descending-s0,3,descending,0,-1,,0.217391304347826,0.2692307692307692,0.3671533465385437,0.0724029466509819,0.0,0.4358974358974359,0.3007151186466217,0,
dev-p03-descending-s0,3,descending,0,2,0.3202512562274933,0.2921810699588477,0.2857142857142857,0.3660517036914825,0.07867898792028427,0.0791606903076171,0.4415584415584415,0.3024938106536865,3,3.2007477283477783
dev-p03-descending-s0,3,descending,0,6,0.3137683868408203,0.2683982683982684,0.2602739726027397,0.3555230498313904,0.096498042345047,0.5340238213539124,0.410958904109589,0.3126465976238251,3,3.141324758529663
dev-p03-descending-s0,3,descending,0,10,0.2877546846866607,0.2764227642276423,0.35,0.3508017957210541,0.08489173650741577,0.85196453332901,0.4333333333333333,0.3025671243667602,3,3.1720762252807617
dev-p03-descending-s0,3,descending,0,14,0.2892642617225647,0.2827868852459016,0.360655737704918,0.3598041236400604,0.08964989334344864,0.8584716320037842,0.4262295081967213,0.2910471260547638,3,3.170001268386841
dev-p03-descending-s0,3,descending,0,18,0.3051818907260895,0.336322869955157,0.3709677419354839,0.3560883998870849,0.0991799384355545,0.9513527154922484,0.2258064516129032,0.3011793494224548,3,3.1731529235839844
dev-p03-descending-s0,3,descending,0,22,0.2916362583637237,0.3628691983122363,0.4117647058823529,0.354609340429306,0.09231461584568024,0.9542672038078308,0.4117647058823529,0.3097788691520691,3,3.180630207061768
dev-p03-descending-s0,3,descending,0,26,0.2714715898036957,0.4736842105263157,0.4761904761904761,0.3794252574443817,0.07772587239742279,0.8458415865898132,0.5396825396825397,0.2953104972839355,3,3.17348575592041
dev-p03-descending-s0,3,descending,0,30,0.3106058537960052,0.4081632653061224,0.4358974358974359,0.4287702739238739,0.07138165086507797,0.6682567596435547,0.5512820512820513,0.2565510272979736,3,3.174855947494507
dev-p03-descending-s0,3,descending,0,34,0.3396633863449096,0.3715415019762846,0.3670886075949367,0.4352790117263794,0.04827025160193443,0.3446157276630401,0.3544303797468354,0.2426285445690155,3,3.1533432006835938
dev-p03-descending-s0,3,descending,0,38,0.4096640944480896,0.3647058823529411,0.3472222222222222,0.4138544797897339,0.04674498736858368,0.2331267446279525,0.4583333333333333,0.2372756600379943,3,3.1446900367736816
dev-p03-descending-s0,3,descending,0,42,0.4756000638008117,0.3544303797468354,0.3648648648648648,0.4209661185741424,0.05872103571891785,0.2062802910804748,0.5135135135135135,0.2182426303625106,3,3.1550769805908203
dev-p03-descending-s0,3,descending,0,46,0.476649671792984,0.358974358974359,0.3421052631578947,0.4202309548854828,0.06304345279932022,0.2123124748468399,0.5,0.1927143484354019,3,3.15265154838562
dev-p03-descending-s1,3,descending,1,-1,,0.2427536231884058,0.2266666666666666,0.3489896953105926,0.2877011299133301,0.0,0.0933333333333333,0.2585916519165039,0,
dev-p03-descending-s1,3,descending,1,2,0.2933060824871063,0.2436363636363636,0.2266666666666666,0.3501831293106079,0.2879544198513031,0.0744084045290947,0.0933333333333333,0.2572664022445678,3,3.1507389545440674
dev-p03-descending-s1,3,descending,1,6,0.2886572480201721,0.2463768115942029,0.2328767123287671,0.3516831696033478,0.29022374749183655,0.0943965539336204,0.0958904109589041,0.255593866109848,3,3.1578683853149414
dev-p03-descending-s1,3,descending,1,10,0.2959047853946686,0.2344322344322344,0.2465753424657534,0.3551959991455078,0.27866819500923157,0.1560758650302887,0.0821917808219178,0.2535505890846252,3,3.157423496246338
dev-p03-descending-s1,3,descending,1,14,0.2747665345668793,0.2333333333333333,0.2266666666666666,0.356504738330841,0.2716652452945709,0.1796686351299286,0.1066666666666666,0.2537995278835296,3,3.1532909870147705
dev-p03-descending-s1,3,descending,1,18,0.2842718362808227,0.2463235294117647,0.2133333333333333,0.362001895904541,0.2616226077079773,0.2408726513385772,0.1066666666666666,0.2549180090427398,3,3.156401872634888
dev-p03-descending-s1,3,descending,1,22,0.2925862073898315,0.2307692307692307,0.2236842105263158,0.3634441792964935,0.2705570459365845,0.323428601026535,0.0921052631578947,0.2490080446004867,3,3.144620180130005
dev-p03-descending-s1,3,descending,1,26,0.3070105314254761,0.2384341637010676,0.2676056338028169,0.3807456493377685,0.28574344515800476,0.2941722571849823,0.1126760563380281,0.2356252372264862,3,3.152498960494995
dev-p03-descending-s1,3,descending,1,30,0.3328674435615539,0.2724137931034482,0.2692307692307692,0.3976790010929107,0.29291072487831116,0.3670112490653991,0.1025641025641025,0.2150213718414306,3,3.151951551437378
dev-p03-descending-s1,3,descending,1,34,0.3060549199581146,0.2668918918918919,0.2361111111111111,0.397792100906372,0.2890051007270813,0.3131307065486908,0.0416666666666666,0.2018639892339706,3,3.153661727905273
dev-p03-descending-s1,3,descending,1,38,0.3512935638427734,0.2698961937716263,0.282051282051282,0.4118821024894714,0.2794656753540039,0.3023258149623871,0.0512820512820512,0.1866406947374344,3,3.177896499633789
dev-p03-descending-s1,3,descending,1,42,0.3917790651321411,0.2779661016949152,0.2692307692307692,0.3896366357803345,0.28407496213912964,0.2822240591049194,0.1025641025641025,0.1821812093257904,3,3.1770827770233154
dev-p03-descending-s1,3,descending,1,46,0.4177092909812927,0.2837837837837837,0.282051282051282,0.3913215696811676,0.2758724093437195,0.3229336142539978,0.1025641025641025,0.1583539694547653,3,3.176727533340454
dev-p03-alternating-s0,3,alternating,0,-1,,0.4,0.2686567164179104,0.4518216550350189,0.0724029466509819,0.0,0.4626865671641791,0.2624384462833404,0,
dev-p03-alternating-s0,3,alternating,0,2,0.3202512562274933,0.2876106194690265,0.2461538461538461,0.4467505812644958,0.0851769894361496,0.2835987508296966,0.4307692307692308,0.2583800554275512,3,3.1674721240997314
dev-p03-alternating-s0,3,alternating,0,6,0.3137683868408203,0.2407407407407407,0.2166666666666666,0.4505113363265991,0.0811101570725441,0.7580007910728455,0.4166666666666667,0.2525276243686676,3,3.1656973361968994
dev-p03-alternating-s0,3,alternating,0,10,0.2877546846866607,0.2060301507537688,0.2592592592592592,0.4475393295288086,0.08970489352941513,0.8488894104957581,0.4629629629629629,0.2350078672170639,3,3.169320583343506
dev-p03-alternating-s0,3,alternating,0,14,0.2892642617225647,0.1915887850467289,0.25,0.4398112595081329,0.10661254823207855,0.8474540710449219,0.4821428571428571,0.2338609993457794,3,3.169490337371826
dev-p03-alternating-s0,3,alternating,0,18,0.3051818907260895,0.2425531914893617,0.2272727272727272,0.4263851046562195,0.17027108371257782,0.964072048664093,0.4393939393939394,0.232440710067749,3,3.173412322998047
dev-p03-alternating-s0,3,alternating,0,22,0.2916362583637237,0.2600896860986547,0.2676056338028169,0.4396423995494842,0.17135438323020935,1.0479344129562378,0.5211267605633803,0.2125268429517746,3,3.176034688949585
dev-p03-alternating-s0,3,alternating,0,26,0.2714715898036957,0.2474747474747475,0.1780821917808219,0.4861668944358825,0.1358242630958557,1.1112616062164309,0.4657534246575342,0.1907925605773925,3,3.1775949001312256
dev-p03-alternating-s0,3,alternating,0,30,0.3106058537960052,0.3346153846153846,0.3287671232876712,0.502852201461792,0.01916785165667534,0.9316577315330504,0.8493150684931506,0.1601966172456741,3,3.175427198410034
dev-p03-alternating-s0,3,alternating,0,34,0.3396633863449096,0.3694581280788177,0.2878787878787879,0.496814876794815,0.05136707052588463,0.3817288875579834,0.5303030303030303,0.1889152526855468,3,3.1679491996765137
dev-p03-alternating-s0,3,alternating,0,38,0.4096640944480896,0.3839285714285714,0.3134328358208955,0.4975992441177368,0.08741287142038345,0.215529054403305,0.5671641791044776,0.1906910836696624,3,3.1640543937683105
dev-p03-alternating-s0,3,alternating,0,42,0.4756000638008117,0.4305555555555556,0.3432835820895522,0.4964439272880554,0.057846374809741974,0.2248549312353134,0.5522388059701493,0.1759060323238372,3,3.320650339126587
dev-p03-alternating-s0,3,alternating,0,46,0.476649671792984,0.4220183486238532,0.3768115942028985,0.4950756430625915,0.053441014140844345,0.2391742467880249,0.5217391304347826,0.1573389172554016,3,3.1787424087524414
dev-p03-alternating-s1,3,alternating,1,-1,,0.2301255230125523,0.2121212121212121,0.4193447530269623,0.2877011299133301,0.0,0.106060606060606,0.1661386787891388,0,
dev-p03-alternating-s1,3,alternating,1,2,0.2933060824871063,0.2301255230125523,0.234375,0.4247288703918457,0.2886025607585907,0.0973926931619644,0.109375,0.1644940972328186,3,3.1696834564208984
dev-p03-alternating-s1,3,alternating,1,6,0.2886572480201721,0.2226720647773279,0.25,0.4289970397949219,0.2842057943344116,0.1506894379854202,0.125,0.1631186157464981,3,3.1783671379089355
dev-p03-alternating-s1,3,alternating,1,10,0.2959047853946686,0.2267206477732793,0.25,0.4329345822334289,0.2774331867694855,0.2179777175188064,0.125,0.1615623980760574,3,3.169873714447021
dev-p03-alternating-s1,3,alternating,1,14,0.2747665345668793,0.2348178137651821,0.265625,0.440499871969223,0.2735799551010132,0.4554645419120788,0.109375,0.1568963527679443,3,3.1701009273529053
dev-p03-alternating-s1,3,alternating,1,18,0.2842718362808227,0.3514644351464435,0.3384615384615385,0.4630586206912994,0.26898255944252014,0.5555293560028076,0.2615384615384615,0.1525534242391586,3,3.1893670558929443
dev-p03-alternating-s1,3,alternating,1,22,0.2925862073898315,0.2532188841201717,0.3389830508474576,0.4467350840568542,0.3425474166870117,1.858203172683716,0.1694915254237288,0.1517237275838852,3,3.1911816596984863
dev-p03-alternating-s1,3,alternating,1,26,0.3070105314254761,0.3523316062176165,0.3396226415094339,0.5005643963813782,0.29217326641082764,0.6158708930015564,0.3962264150943396,0.1410246193408966,3,3.2022879123687744
dev-p03-alternating-s1,3,alternating,1,30,0.3328674435615539,0.407725321888412,0.3714285714285714,0.4679479598999023,0.2823376953601837,0.539969265460968,0.2571428571428571,0.1317265629768371,3,3.207731246948242
dev-p03-alternating-s1,3,alternating,1,34,0.3060549199581146,0.2941176470588235,0.3333333333333333,0.4609860181808471,0.2762848436832428,0.3606839776039123,0.0952380952380952,0.1256636679172516,3,3.1774189472198486
dev-p03-alternating-s1,3,alternating,1,38,0.3512935638427734,0.2922374429223744,0.3174603174603174,0.4614459872245788,0.27350205183029175,0.2561320662498474,0.0317460317460317,0.1222613528370857,3,3.2062764167785645
dev-p03-alternating-s1,3,alternating,1,42,0.3917790651321411,0.2913043478260869,0.3015873015873015,0.4611895382404327,0.276923269033432,0.2217671424150467,0.0158730158730158,0.1161779165267944,3,3.1990981101989746
dev-p03-alternating-s1,3,alternating,1,46,0.4177092909812927,0.2925764192139738,0.2903225806451613,0.4699704051017761,0.27987605333328247,0.2552815675735473,0.032258064516129,0.101114697754383,3,3.200571298599243
dev-p03-pedal-s0,3,pedal,0,-1,,0.1594202898550724,0.1666666666666666,0.3758226037025451,0.0724029466509819,0.0,0.0128205128205128,0.3340719640254974,0,
dev-p03-pedal-s0,3,pedal,0,2,0.3202512562274933,0.1578947368421052,0.1688311688311688,0.3813104927539825,0.06186230480670929,0.0662881806492805,0.0129870129870129,0.3262575566768646,3,3.19803237915039
dev-p03-pedal-s0,3,pedal,0,6,0.3137683868408203,0.2363636363636363,0.25,0.4016261398792267,0.07249972224235535,0.6223083734512329,0.0,0.3182083070278168,3,3.166836738586426
dev-p03-pedal-s0,3,pedal,0,10,0.2877546846866607,0.1446808510638297,0.1607142857142857,0.3975130021572113,0.11324529349803925,0.7380192875862122,0.0,0.3188139796257019,3,3.167656421661377
dev-p03-pedal-s0,3,pedal,0,14,0.2892642617225647,0.1619047619047619,0.2,0.4059861302375793,0.12615220248699188,0.7630146741867065,0.0166666666666666,0.3070982992649078,3,3.2006711959838867
dev-p03-pedal-s0,3,pedal,0,18,0.3051818907260895,0.2649253731343283,0.2771084337349397,0.4248847961425781,0.12459372729063034,0.8560581803321838,0.072289156626506,0.2866291403770447,3,3.199320077896118
dev-p03-pedal-s0,3,pedal,0,22,0.2916362583637237,0.2795275590551181,0.3048780487804878,0.4517810344696045,0.14409440755844116,1.088029384613037,0.0975609756097561,0.2284345924854278,3,3.20379376411438
dev-p03-pedal-s0,3,pedal,0,26,0.2714715898036957,0.3686006825938566,0.3333333333333333,0.5575055480003357,0.11794398725032806,0.8876605033874512,0.0,0.1926182955503463,3,3.2023918628692627
dev-p03-pedal-s0,3,pedal,0,30,0.3106058537960052,0.4072948328267477,0.4047619047619047,0.6425349116325378,0.12362784147262573,1.0565567016601562,0.0,0.1522326320409774,3,3.196774482727051
dev-p03-pedal-s0,3,pedal,0,34,0.3396633863449096,0.3210332103321033,0.2891566265060241,0.5405734181404114,0.07246653735637665,0.3914952874183655,0.0,0.1848705857992172,3,3.196981430053711
dev-p03-pedal-s0,3,pedal,0,38,0.4096640944480896,0.2014925373134328,0.2179487179487179,0.4493556916713714,0.08395059406757355,0.2258697748184204,0.0128205128205128,0.2066681534051895,3,3.199147701263428
dev-p03-pedal-s0,3,pedal,0,42,0.4756000638008117,0.2151898734177215,0.2051282051282051,0.4497672319412231,0.08887460827827454,0.217371717095375,0.0128205128205128,0.2011986225843429,3,3.2012481689453125
dev-p03-pedal-s0,3,pedal,0,46,0.476649671792984,0.2278481012658227,0.2,0.4426961541175842,0.08558768033981323,0.227922722697258,0.0375,0.1835741549730301,3,3.215984344482422
dev-p03-pedal-s1,3,pedal,1,-1,,0.1231884057971014,0.12,0.3343580067157745,0.2877011299133301,0.0,0.1066666666666666,0.2018250674009323,0,
dev-p03-pedal-s1,3,pedal,1,2,0.2933060824871063,0.1209964412811387,0.1066666666666666,0.3371344804763794,0.293379545211792,0.1194088160991668,0.1066666666666666,0.1989767104387283,3,3.202531099319458
dev-p03-pedal-s1,3,pedal,1,6,0.2886572480201721,0.1236363636363636,0.1066666666666666,0.3393466770648956,0.2963012456893921,0.1769778579473495,0.1066666666666666,0.1969363093376159,3,3.1563868522644043
dev-p03-pedal-s1,3,pedal,1,10,0.2959047853946686,0.1236363636363636,0.1168831168831168,0.3424404263496399,0.2917117178440094,0.1962570548057556,0.1038961038961039,0.1942328661680221,3,3.157292127609253
dev-p03-pedal-s1,3,pedal,1,14,0.2747665345668793,0.0,0.0,0.3237939774990082,0.2035464346408844,1.3439178466796875,0.0,0.1932850182056427,3,3.154182195663452
dev-p03-pedal-s1,3,pedal,1,18,0.2842718362808227,0.1026615969581749,0.1111111111111111,0.3408947288990021,0.3089006245136261,1.5250214338302612,0.0277777777777777,0.1938507705926895,3,3.167036533355713
dev-p03-pedal-s1,3,pedal,1,22,0.2925862073898315,0.1071428571428571,0.1194029850746268,0.3769865334033966,0.2889133095741272,1.4935401678085327,0.1194029850746268,0.170964315533638,3,3.1989240646362305
dev-p03-pedal-s1,3,pedal,1,26,0.3070105314254761,0.1535087719298245,0.2115384615384615,0.4081978797912597,0.2848806381225586,0.366513580083847,0.1923076923076923,0.1597841829061508,3,3.2097301483154297
dev-p03-pedal-s1,3,pedal,1,30,0.3328674435615539,0.3614457831325301,0.3214285714285714,0.4295211136341095,0.2910507321357727,0.4902530908584595,0.2321428571428571,0.1501442790031433,3,3.192669153213501
dev-p03-pedal-s1,3,pedal,1,34,0.3060549199581146,0.2303370786516854,0.2682926829268293,0.4513356387615204,0.30256587266921997,0.3303264379501343,0.2439024390243902,0.1427085250616073,3,3.2024073600769043
dev-p03-pedal-s1,3,pedal,1,38,0.3512935638427734,0.1358024691358024,0.1846153846153846,0.4371969997882843,0.2778497338294983,0.2654954493045807,0.1692307692307692,0.138027623295784,3,3.211289405822754
dev-p03-pedal-s1,3,pedal,1,42,0.3917790651321411,0.125,0.1645569620253164,0.432917982339859,0.28805288672447205,0.2576811015605926,0.1645569620253164,0.1276037693023681,3,3.205189943313598
dev-p03-pedal-s1,3,pedal,1,46,0.4177092909812927,0.1407942238267148,0.1645569620253164,0.4347309172153473,0.28744858503341675,0.298693984746933,0.1645569620253164,0.1134162694215774,3,3.207031011581421
dev-p03-zigzag-s0,3,zigzag,0,-1,,0.1545893719806763,0.1153846153846153,0.3912931084632873,0.0724029466509819,0.0,0.4358974358974359,0.2742569148540497,0,
dev-p03-zigzag-s0,3,zigzag,0,2,0.3202512562274933,0.1306122448979592,0.1052631578947368,0.390933096408844,0.08330320566892624,0.186897411942482,0.4342105263157895,0.2732551097869873,3,3.188472032546997
dev-p03-zigzag-s0,3,zigzag,0,6,0.3137683868408203,0.1075268817204301,0.1038961038961039,0.3781215846538543,0.13381297886371613,0.7737041115760803,0.4805194805194805,0.2737089097499847,3,3.176614761352539
dev-p03-zigzag-s0,3,zigzag,0,10,0.2877546846866607,0.1727748691099476,0.1290322580645161,0.4149326086044311,0.09084739536046982,0.795590877532959,0.4516129032258064,0.2566222250461578,3,3.1833345890045166
dev-p03-zigzag-s0,3,zigzag,0,14,0.2892642617225647,0.1643192488262911,0.1333333333333333,0.4432115256786346,0.08749958872795105,0.8984972834587097,0.35,0.2508780062198639,3,3.198831081390381
dev-p03-zigzag-s0,3,zigzag,0,18,0.3051818907260895,0.175531914893617,0.1142857142857142,0.4432251453399658,0.09953884780406952,0.9586189985275269,0.2714285714285714,0.2502216398715973,3,3.1859114170074463
dev-p03-zigzag-s0,3,zigzag,0,22,0.2916362583637237,0.1227436823104693,0.125,0.4322041869163513,0.12296254932880402,0.886356770992279,0.5,0.2430238574743271,3,3.1942529678344727
dev-p03-zigzag-s0,3,zigzag,0,26,0.2714715898036957,0.1752577319587628,0.1384615384615384,0.4111498892307281,0.09977704286575317,0.8817196488380432,0.5384615384615384,0.2303348183631897,3,3.1998307704925537
dev-p03-zigzag-s0,3,zigzag,0,30,0.3106058537960052,0.1363636363636363,0.1710526315789473,0.4186353385448456,0.12251545488834381,0.7979753017425537,0.5657894736842105,0.2161662578582763,3,3.193697214126587
dev-p03-zigzag-s0,3,zigzag,0,34,0.3396633863449096,0.1956521739130435,0.1525423728813559,0.4309229850769043,0.06228973716497421,0.295776903629303,0.5254237288135594,0.2091089934110641,3,3.186797857284546
dev-p03-zigzag-s0,3,zigzag,0,38,0.4096640944480896,0.1666666666666666,0.1304347826086956,0.4261943399906158,0.09876354038715363,0.191583827137947,0.5217391304347826,0.2027391344308853,3,3.187216520309448
dev-p03-zigzag-s0,3,zigzag,0,42,0.4756000638008117,0.1975308641975308,0.1333333333333333,0.4344513416290283,0.08152912557125092,0.1823921501636505,0.5333333333333333,0.1885517984628677,3,3.195817470550537
dev-p03-zigzag-s0,3,zigzag,0,46,0.476649671792984,0.1597938144329896,0.1343283582089552,0.4400127828121185,0.09438318759202957,0.2011168599128723,0.5074626865671642,0.1655617356300354,3,3.189067840576172
dev-p03-zigzag-s1,3,zigzag,1,-1,,0.1376811594202898,0.1066666666666666,0.3365492522716522,0.2877011299133301,0.0,0.0933333333333333,0.2090530693531036,0,
dev-p03-zigzag-s1,3,zigzag,1,2,0.2933060824871063,0.1418181818181818,0.1095890410958904,0.3397102653980255,0.29015231132507324,0.0611635521054267,0.0958904109589041,0.2076845020055771,3,3.188674211502075
dev-p03-zigzag-s1,3,zigzag,1,6,0.2886572480201721,0.1433823529411764,0.1232876712328767,0.3425197005271911,0.2866032123565674,0.1059676110744476,0.1095890410958904,0.2055855244398117,3,3.204142808914185
dev-p03-zigzag-s1,3,zigzag,1,10,0.2959047853946686,0.1470588235294117,0.12,0.3479243516921997,0.27889883518218994,0.157682329416275,0.12,0.2037808001041412,3,3.196282148361206
dev-p03-zigzag-s1,3,zigzag,1,14,0.2747665345668793,0.1578947368421052,0.1066666666666666,0.3485753834247589,0.2608938217163086,0.2845853567123413,0.0933333333333333,0.1979011297225952,3,3.20639443397522
dev-p03-zigzag-s1,3,zigzag,1,18,0.2842718362808227,0.2290909090909091,0.1818181818181818,0.3671710193157196,0.2707502841949463,0.4996766448020935,0.1688311688311688,0.1964987963438034,3,3.192265033721924
dev-p03-zigzag-s1,3,zigzag,1,22,0.2925862073898315,0.2585551330798479,0.2191780821917808,0.3996695280075073,0.2781829833984375,0.5127530694007874,0.2465753424657534,0.1930549144744873,3,3.2008607387542725
dev-p03-zigzag-s1,3,zigzag,1,26,0.3070105314254761,0.3100436681222707,0.1818181818181818,0.4239618182182312,0.29716432094573975,0.4515065848827362,0.3484848484848485,0.1895406395196914,3,3.1792702674865723
dev-p03-zigzag-s1,3,zigzag,1,30,0.3328674435615539,0.2786885245901639,0.2285714285714285,0.4275152385234833,0.19828665256500244,0.4265420734882355,0.2714285714285714,0.1815580874681472,3,3.1896743774414062
dev-p03-zigzag-s1,3,zigzag,1,34,0.3060549199581146,0.2023809523809523,0.2318840579710145,0.4118362367153168,0.269503116607666,0.305322915315628,0.1594202898550724,0.1708840578794479,3,3.1826021671295166
dev-p03-zigzag-s1,3,zigzag,1,38,0.3512935638427734,0.1733870967741935,0.1666666666666666,0.3987617790699005,0.2613823115825653,0.2581223249435425,0.0833333333333333,0.1503518968820572,3,3.1973159313201904
dev-p03-zigzag-s1,3,zigzag,1,42,0.3917790651321411,0.1875,0.1971830985915492,0.3935733735561371,0.2709364593029022,0.2232637703418731,0.0704225352112676,0.1475322842597961,3,3.195591926574707
dev-p03-zigzag-s1,3,zigzag,1,46,0.4177092909812927,0.1859504132231405,0.2361111111111111,0.4049773216247558,0.2668183147907257,0.2281848192214965,0.0972222222222222,0.1262089014053344,3,3.188633918762207
dev-p04-ascending-s0,4,ascending,0,-1,,0.3469387755102041,0.1818181818181818,0.3284440636634826,0.2985076904296875,0.0,0.0,0.3129849731922149,0,
dev-p04-ascending-s0,4,ascending,0,2,0.3201896548271179,0.3377483443708609,0.1785714285714285,0.3579005300998688,0.2646295428276062,0.0780891254544258,0.0,0.3047853708267212,3,3.1885273456573486
dev-p04-ascending-s0,4,ascending,0,6,0.3135582208633423,0.3312101910828025,0.1886792452830188,0.3338687717914581,0.27609461545944214,0.042727131396532,0.0,0.3076214790344238,3,3.1886260509490967
dev-p04-ascending-s0,4,ascending,0,10,0.2870846092700958,0.266304347826087,0.2037037037037037,0.3772536814212799,0.2545107901096344,0.1303972005844116,0.0,0.2960599064826965,3,3.200741767883301
dev-p04-ascending-s0,4,ascending,0,14,0.288553923368454,0.1620111731843575,0.1428571428571428,0.3776366710662842,0.2571764886379242,0.1386724859476089,0.0,0.295945256948471,3,3.184300184249878
dev-p04-ascending-s0,4,ascending,0,18,0.3054849207401275,0.1602209944751381,0.16,0.3967591524124145,0.2416185885667801,0.2085074633359909,0.0,0.2843184769153595,3,3.189096450805664
dev-p04-ascending-s0,4,ascending,0,22,0.2893737256526947,0.3407407407407407,0.3272727272727272,0.4082120060920715,0.2387387454509735,0.2820453345775604,0.1636363636363636,0.276418536901474,3,3.197039604187012
dev-p04-ascending-s0,4,ascending,0,26,0.2713146209716797,0.3942857142857143,0.4,0.4127731621265411,0.2343922257423401,0.3194110095500946,0.2545454545454545,0.2721657454967499,3,3.1852309703826904
dev-p04-ascending-s0,4,ascending,0,30,0.3127049207687378,0.3740458015267175,0.2156862745098039,0.4100420176982879,0.24238523840904236,0.2526107430458069,0.0,0.2677874863147735,3,3.1837737560272217
dev-p04-ascending-s0,4,ascending,0,34,0.3435401916503906,0.3356643356643357,0.2,0.4178154170513153,0.2723303735256195,0.2486595213413238,0.0,0.262536883354187,3,3.177299976348877
dev-p04-ascending-s0,4,ascending,0,38,0.4321083724498749,0.3605442176870748,0.2285714285714285,0.3999650180339813,0.2587805390357971,0.2052316665649414,0.0,0.2449783235788345,3,3.185131788253784
dev-p04-ascending-s0,4,ascending,0,42,0.5012154579162598,0.3372093023255814,0.2133333333333333,0.3845149278640747,0.24799844622612,0.1535205543041229,0.0,0.2281728386878967,3,3.189271926879883
dev-p04-ascending-s0,4,ascending,0,46,0.5210716128349304,0.2657657657657657,0.2361111111111111,0.3893588185310364,0.2555695176124573,0.1587895005941391,0.0138888888888888,0.2046117633581161,3,3.183473587036133
dev-p04-ascending-s1,4,ascending,1,-1,,0.1396103896103896,0.1325301204819277,0.2427737265825271,0.24920666217803955,0.0,0.0,0.4366230368614197,0,
dev-p04-ascending-s1,4,ascending,1,2,0.2932208478450775,0.0,0.0533333333333333,0.2704568207263946,0.2775699198246002,0.3674235641956329,0.0,0.3577733337879181,3,3.189699172973633
dev-p04-ascending-s1,4,ascending,1,6,0.288763165473938,0.0264900662251655,0.0375,0.2556225061416626,0.2749474346637726,0.5810739994049072,0.1,0.3252651691436767,3,3.198591470718384
dev-p04-ascending-s1,4,ascending,1,10,0.2959811985492706,0.002906976744186,0.0,0.2056401073932647,0.3039673864841461,0.7295836210250854,0.1325301204819277,0.3806083500385284,3,3.192654609680176
dev-p04-ascending-s1,4,ascending,1,14,0.2740279734134674,0.002906976744186,0.0117647058823529,0.1938464343547821,0.2975537180900574,0.7723190784454346,0.1176470588235294,0.383902907371521,3,3.1791043281555176
dev-p04-ascending-s1,4,ascending,1,18,0.2828843891620636,0.002906976744186,0.0120481927710843,0.1822609454393386,0.2911021113395691,0.7964588403701782,0.1325301204819277,0.3850062489509582,3,3.1906094551086426
dev-p04-ascending-s1,4,ascending,1,22,0.2917459905147552,0.002906976744186,0.0116279069767441,0.1868592351675033,0.29650312662124634,0.8750205636024475,0.127906976744186,0.3808237612247467,3,3.187736988067627
dev-p04-ascending-s1,4,ascending,1,26,0.3033428192138672,0.0413793103448275,0.0375,0.2960467338562011,0.2831915020942688,0.6141773462295532,0.0625,0.2993760406970978,3,3.19441819190979
dev-p04-ascending-s1,4,ascending,1,30,0.3030157387256622,0.1313131313131313,0.1265822784810126,0.3383080065250397,0.2807474136352539,0.5781294703483582,0.0379746835443038,0.2875717580318451,3,3.2136752605438232
dev-p04-ascending-s1,4,ascending,1,34,0.3184540271759033,0.1337792642140468,0.1375,0.3109685480594635,0.2722563147544861,0.2798160314559936,0.0,0.3494184911251068,3,3.205148935317993
dev-p04-ascending-s1,4,ascending,1,38,0.3769115209579468,0.0802675585284281,0.08,0.2857033014297485,0.2568645179271698,0.1776789277791977,0.0,0.3401711583137512,3,3.21099853515625
dev-p04-ascending-s1,4,ascending,1,42,0.4500856697559356,0.1414473684210526,0.1341463414634146,0.2861993908882141,0.25110042095184326,0.1501064598560333,0.0,0.3203616738319397,3,3.182448625564575
dev-p04-ascending-s1,4,ascending,1,46,0.4646446704864502,0.1373801916932907,0.1325301204819277,0.2945232689380646,0.24976305663585663,0.1688228249549865,0.0,0.2797358930110931,3,3.172175168991089
dev-p04-descending-s0,4,descending,0,-1,,0.0,0.0545454545454545,0.3301012217998504,0.2985076904296875,0.0,0.0,0.3263431191444397,0,
dev-p04-descending-s0,4,descending,0,2,0.3201896548271179,0.0,0.0185185185185185,0.3513509631156921,0.2747059464454651,0.0729166716337204,0.0,0.3192067444324493,3,3.182828664779663
dev-p04-descending-s0,4,descending,0,6,0.3135582208633423,0.0,0.0566037735849056,0.3394169509410858,0.2718006372451782,0.0549227148294448,0.0,0.3207281231880188,3,3.1806490421295166
dev-p04-descending-s0,4,descending,0,10,0.2870846092700958,0.0,0.0,0.3609205484390259,0.2718825340270996,0.1105734929442405,0.0,0.3102670907974243,3,3.1793057918548584
dev-p04-descending-s0,4,descending,0,14,0.288553923368454,0.0,0.0,0.3605723977088928,0.28850793838500977,0.124708779156208,0.0,0.3106832504272461,3,3.2000207901000977
dev-p04-descending-s0,4,descending,0,18,0.3054849207401275,0.0,0.0,0.3670745491981506,0.2586013674736023,0.1428578048944473,0.0,0.30375936627388,3,3.194828510284424
dev-p04-descending-s0,4,descending,0,22,0.2893737256526947,0.0,0.0166666666666666,0.3893336951732635,0.25600960850715637,0.2709620893001556,0.0333333333333333,0.2872093021869659,3,3.2048163414001465
dev-p04-descending-s0,4,descending,0,26,0.2713146209716797,0.0,0.0,0.3890849649906158,0.294542133808136,0.2668497264385223,0.0,0.2852196395397186,3,3.2089762687683105
dev-p04-descending-s0,4,descending,0,30,0.3127049207687378,0.0,0.0,0.4027403593063354,0.28836730122566223,0.2444026917219162,0.0,0.2780004739761352,3,3.1898834705352783
dev-p04-descending-s0,4,descending,0,34,0.3435401916503906,0.0,0.0,0.427411139011383,0.26304417848587036,0.2148491144180297,0.0,0.2690655291080475,3,3.194366216659546
dev-p04-descending-s0,4,descending,0,38,0.4321083724498749,0.0,0.0188679245283018,0.4018149673938751,0.24671322107315063,0.1833903640508651,0.0,0.2515326142311096,3,3.185307502746582
dev-p04-descending-s0,4,descending,0,42,0.5012154579162598,0.2582781456953642,0.1571428571428571,0.3935030698776245,0.27133023738861084,0.149187833070755,0.0,0.2329345494508743,3,3.179678440093994
dev-p04-descending-s0,4,descending,0,46,0.5210716128349304,0.2469135802469135,0.2156862745098039,0.3909306228160858,0.26780301332473755,0.155320256948471,0.0,0.2072084993124008,3,3.188399076461792
dev-p04-descending-s1,4,descending,1,-1,,0.1396103896103896,0.1325301204819277,0.2917990088462829,0.24920666217803955,0.0,0.0,0.4178257286548614,0,
dev-p04-descending-s1,4,descending,1,2,0.2932208478450775,0.2158273381294964,0.2,0.3381766676902771,0.26343780755996704,0.364822655916214,0.0,0.3373079299926758,3,3.2044591903686523
dev-p04-descending-s1,4,descending,1,6,0.288763165473938,0.2114803625377643,0.2409638554216867,0.350998967885971,0.27806058526039124,0.6517407298088074,0.0963855421686747,0.3304333984851837,3,3.189849376678467
dev-p04-descending-s1,4,descending,1,10,0.2959811985492706,0.1540697674418604,0.1529411764705882,0.3231258690357208,0.30427223443984985,0.7542752623558044,0.1176470588235294,0.3231642842292785,3,3.1889760494232178
dev-p04-descending-s1,4,descending,1,14,0.2740279734134674,0.1569767441860465,0.1529411764705882,0.3230421245098114,0.300135999917984,0.799305260181427,0.1176470588235294,0.3158380389213562,3,3.1973793506622314
dev-p04-descending-s1,4,descending,1,18,0.2828843891620636,0.1511627906976744,0.1428571428571428,0.3214008808135986,0.3067641854286194,0.8136024475097656,0.1309523809523809,0.3155244886875152,3,3.1964221000671387
dev-p04-descending-s1,4,descending,1,22,0.2917459905147552,0.1715116279069767,0.1511627906976744,0.3306986391544342,0.30030664801597595,0.8708069324493408,0.127906976744186,0.3094296455383301,3,3.2027246952056885
dev-p04-descending-s1,4,descending,1,26,0.3033428192138672,0.2181208053691275,0.2195121951219512,0.4169018864631653,0.2893635034561157,0.6088106632232666,0.1707317073170731,0.2480600625276565,3,3.197336435317993
dev-p04-descending-s1,4,descending,1,30,0.3030157387256622,0.2418772563176895,0.1973684210526315,0.4426438212394714,0.2958512306213379,0.5240311026573181,0.0657894736842105,0.2544769644737243,3,3.2103748321533203
dev-p04-descending-s1,4,descending,1,34,0.3184540271759033,0.1360759493670886,0.144578313253012,0.3654977977275848,0.2847661077976227,0.3086122870445251,0.0,0.3458884358406067,3,3.195841073989868
dev-p04-descending-s1,4,descending,1,38,0.3769115209579468,0.1396103896103896,0.1325301204819277,0.3672984838485718,0.28546205163002014,0.2172615230083465,0.0,0.3121583759784698,3,3.189075469970703
dev-p04-descending-s1,4,descending,1,42,0.4500856697559356,0.1442953020134228,0.1325301204819277,0.3443678915500641,0.262971431016922,0.1650487780570984,0.0,0.2987954318523407,3,3.1910512447357178
dev-p04-descending-s1,4,descending,1,46,0.4646446704864502,0.1405228758169934,0.1341463414634146,0.3430995643138885,0.24283412098884583,0.1712338477373123,0.0,0.2611905932426452,3,3.1981842517852783
dev-p04-alternating-s0,4,alternating,0,-1,,0.0476190476190476,0.0909090909090909,0.3230336606502533,0.2985076904296875,0.0,0.0,0.3250405490398407,0,
dev-p04-alternating-s0,4,alternating,0,2,0.3201896548271179,0.1675675675675675,0.2075471698113207,0.3792760074138641,0.25565487146377563,0.1224042549729347,0.0,0.2959837317466736,3,3.19594669342041
dev-p04-alternating-s0,4,alternating,0,6,0.3135582208633423,0.1614583333333333,0.2037037037037037,0.3831872045993805,0.25422704219818115,0.1352365463972091,0.0,0.2911607623100281,3,3.1876015663146973
dev-p04-alternating-s0,4,alternating,0,10,0.2870846092700958,0.1584699453551912,0.1785714285714285,0.4059402048587799,0.22693246603012085,0.1941375136375427,0.0,0.2748385369777679,3,3.1910195350646973
dev-p04-alternating-s0,4,alternating,0,14,0.288553923368454,0.1411042944785276,0.125,0.4310482740402221,0.2236553430557251,0.2599208652973175,0.0,0.2587398886680603,3,3.205596446990967
dev-p04-alternating-s0,4,alternating,0,18,0.3054849207401275,0.358974358974359,0.1896551724137931,0.4737189710140228,0.22927716374397278,0.3767383098602295,0.4137931034482758,0.2232946902513504,3,3.1968650817871094
dev-p04-alternating-s0,4,alternating,0,22,0.2893737256526947,0.2619047619047619,0.1612903225806451,0.4999750256538391,0.229062020778656,0.4383786618709564,0.532258064516129,0.2100860029458999,3,3.201023817062378
dev-p04-alternating-s0,4,alternating,0,26,0.2713146209716797,0.2311557788944723,0.2096774193548387,0.516764760017395,0.23376913368701935,0.4797870218753814,0.7419354838709677,0.1883251070976257,3,3.210228443145752
dev-p04-alternating-s0,4,alternating,0,30,0.3127049207687378,0.2734375,0.2241379310344827,0.4828623533248901,0.2277984619140625,0.3703577220439911,0.2586206896551724,0.2053332179784774,3,3.176607847213745
dev-p04-alternating-s0,4,alternating,0,34,0.3435401916503906,0.2713178294573643,0.1466666666666666,0.4544841945171356,0.20086413621902466,0.3116369843482971,0.0133333333333333,0.2061977833509445,3,3.1930978298187256
dev-p04-alternating-s0,4,alternating,0,38,0.4321083724498749,0.1885714285714285,0.1714285714285714,0.4164514541625976,0.18971046805381775,0.2512259185314178,0.0,0.215935930609703,3,3.2183873653411865
dev-p04-alternating-s0,4,alternating,0,42,0.5012154579162598,0.1868131868131868,0.1780821917808219,0.4070333838462829,0.2713424563407898,0.2185358107089996,0.0273972602739726,0.2026557028293609,3,3.2093231678009038
dev-p04-alternating-s0,4,alternating,0,46,0.5210716128349304,0.1842105263157894,0.1714285714285714,0.3978314697742462,0.2699931263923645,0.2182663977146148,0.0428571428571428,0.1876908838748932,3,3.212092399597168
dev-p04-alternating-s1,4,alternating,1,-1,,0.2439024390243902,0.24,0.350002259016037,0.24920666217803955,0.0,0.0,0.307638019323349,0,
dev-p04-alternating-s1,4,alternating,1,2,0.2932208478450775,0.275092936802974,0.2714285714285714,0.4625476598739624,0.25942423939704895,0.4393298923969269,0.0142857142857142,0.2060359865427017,3,3.187484741210937
dev-p04-alternating-s1,4,alternating,1,6,0.288763165473938,0.2292358803986711,0.2533333333333333,0.4381043016910553,0.2967144846916199,0.661266028881073,0.1333333333333333,0.25399911403656,3,3.205044269561768
dev-p04-alternating-s1,4,alternating,1,10,0.2959811985492706,0.2591362126245847,0.2666666666666666,0.4418195188045501,0.2760518193244934,0.7464057207107544,0.1466666666666666,0.2556248307228088,3,3.1975526809692383
dev-p04-alternating-s1,4,alternating,1,14,0.2740279734134674,0.2608695652173913,0.2666666666666666,0.4307060837745666,0.26794710755348206,0.796889066696167,0.1466666666666666,0.2521697282791137,3,3.1807570457458496
dev-p04-alternating-s1,4,alternating,1,18,0.2828843891620636,0.2608695652173913,0.2666666666666666,0.4180608093738556,0.27663448452949524,0.8927673101425171,0.1466666666666666,0.2525050342082977,3,3.188898086547852
dev-p04-alternating-s1,4,alternating,1,22,0.2917459905147552,0.2608695652173913,0.2533333333333333,0.4258649051189422,0.23999372124671936,0.8854645490646362,0.1466666666666666,0.2461252808570861,3,3.1864585876464844
dev-p04-alternating-s1,4,alternating,1,26,0.3033428192138672,0.2896551724137931,0.3108108108108108,0.5144464373588562,0.2758048474788666,0.6815691590309143,0.1891891891891892,0.1818232089281082,3,3.1884498596191406
dev-p04-alternating-s1,4,alternating,1,30,0.3030157387256622,0.3003663003663003,0.2933333333333333,0.5217322707176208,0.2790510058403015,0.5628346800804138,0.1466666666666666,0.1664842218160629,3,3.197185754776001
dev-p04-alternating-s1,4,alternating,1,34,0.3184540271759033,0.3059701492537313,0.2857142857142857,0.4518550634384155,0.27681612968444824,0.2561474442481994,0.1142857142857142,0.2344976663589477,3,3.187500476837158
dev-p04-alternating-s1,4,alternating,1,38,0.3769115209579468,0.3028169014084507,0.2933333333333333,0.4401976466178894,0.2625320553779602,0.2001605331897735,0.0,0.2111513167619705,3,3.1857736110687256
dev-p04-alternating-s1,4,alternating,1,42,0.4500856697559356,0.2465277777777778,0.2432432432432432,0.4120115041732788,0.2513275146484375,0.1825437694787979,0.0,0.2000139504671096,3,3.2032148838043213
dev-p04-alternating-s1,4,alternating,1,46,0.4646446704864502,0.2364864864864864,0.24,0.4103102385997772,0.25318098068237305,0.2228959053754806,0.0,0.1782978624105453,3,3.1893444061279297
dev-p04-pedal-s0,4,pedal,0,-1,,0.0,0.0,0.3560393154621124,0.2985076904296875,0.0,0.0,0.393711507320404,0,
dev-p04-pedal-s0,4,pedal,0,2,0.3201896548271179,0.0,0.0,0.3808672726154327,0.25375300645828247,0.1303436458110809,0.0,0.3565633893013,3,3.2024354934692383
dev-p04-pedal-s0,4,pedal,0,6,0.3135582208633423,0.0,0.0,0.3969609141349792,0.24554437398910522,0.1680965572595596,0.0,0.3433281183242798,3,3.153332233428955
dev-p04-pedal-s0,4,pedal,0,10,0.2870846092700958,0.0,0.0,0.417047768831253,0.2351446896791458,0.2148543298244476,0.0,0.3255094289779663,3,3.152360439300537
dev-p04-pedal-s0,4,pedal,0,14,0.288553923368454,0.0,0.0172413793103448,0.4568893015384674,0.2423686385154724,0.325103223323822,0.0,0.2940049767494201,3,3.1595966815948486
dev-p04-pedal-s0,4,pedal,0,18,0.3054849207401275,0.0,0.2166666666666666,0.4951461553573608,0.2288864254951477,0.3962420225143432,0.0,0.2616173028945923,3,3.1588034629821777
dev-p04-pedal-s0,4,pedal,0,22,0.2893737256526947,0.2849462365591398,0.2321428571428571,0.5229711532592773,0.2317352294921875,0.4435956478118896,0.0,0.2404941469430923,3,3.1545488834381104
dev-p04-pedal-s0,4,pedal,0,26,0.2713146209716797,0.2343096234309623,0.2051282051282051,0.5619993209838867,0.25084221363067627,0.5383250713348389,0.0,0.194780632853508,3,3.175635814666748
dev-p04-pedal-s0,4,pedal,0,30,0.3127049207687378,0.1621621621621621,0.2142857142857142,0.5076784491539001,0.2262972593307495,0.3871351778507232,0.0,0.210139200091362,3,3.145391702651977
dev-p04-pedal-s0,4,pedal,0,34,0.3435401916503906,0.132183908045977,0.2291666666666666,0.5201141238212585,0.24526408314704895,0.285731166601181,0.0,0.20598004758358,3,3.151611566543579
dev-p04-pedal-s0,4,pedal,0,38,0.4321083724498749,0.0,0.0609756097560975,0.4817574918270111,0.25541526079177856,0.243956834077835,0.0,0.2153476625680923,3,3.1706185340881348
dev-p04-pedal-s0,4,pedal,0,42,0.5012154579162598,0.0,0.0389610389610389,0.460384339094162,0.25319015979766846,0.226256638765335,0.0,0.2102191150188446,3,3.1755104064941406
dev-p04-pedal-s0,4,pedal,0,46,0.5210716128349304,0.0,0.0,0.4421474635601043,0.2642599940299988,0.2193205803632736,0.0,0.1987404972314834,3,3.203946113586426
dev-p04-pedal-s1,4,pedal,1,-1,,0.0,0.0,0.1788183897733688,0.24920666217803955,0.0,0.0,0.4052670001983642,0,
dev-p04-pedal-s1,4,pedal,1,2,0.2932208478450775,0.0,0.0133333333333333,0.2882389426231384,0.28573763370513916,0.5475614070892334,0.0,0.2925541698932647,3,3.204880952835083
dev-p04-pedal-s1,4,pedal,1,6,0.288763165473938,0.0,0.0,0.2909516096115112,0.27774935960769653,0.6851881742477417,0.0,0.3063229322433471,3,3.198060274124145
dev-p04-pedal-s1,4,pedal,1,10,0.2959811985492706,0.0,0.0,0.291818618774414,0.28218525648117065,0.7609703540802002,0.0,0.2994067966938019,3,3.2018604278564453
dev-p04-pedal-s1,4,pedal,1,14,0.2740279734134674,0.0,0.0,0.3087933957576751,0.2597652077674866,0.7973557710647583,0.0,0.2688227593898773,3,3.193392515182495
dev-p04-pedal-s1,4,pedal,1,18,0.2828843891620636,0.0058479532163742,0.0,0.3368396162986755,0.2715083062648773,0.7659180760383606,0.0,0.2527202665805816,3,3.200848340988159
dev-p04-pedal-s1,4,pedal,1,22,0.2917459905147552,0.0349650349650349,0.0123456790123456,0.3801449537277221,0.24445277452468872,0.7801522016525269,0.0,0.2295722216367721,3,3.205312013626098
dev-p04-pedal-s1,4,pedal,1,26,0.3033428192138672,0.2142857142857142,0.1860465116279069,0.5215765237808228,0.22529682517051697,0.6928383708000183,0.0,0.1900669932365417,3,3.193953514099121
dev-p04-pedal-s1,4,pedal,1,30,0.3030157387256622,0.0,0.0348837209302325,0.4273665249347687,0.27629178762435913,0.5610209703445435,0.0,0.1825077384710312,3,3.2018094062805176
dev-p04-pedal-s1,4,pedal,1,34,0.3184540271759033,0.0,0.08,0.4413129687309265,0.26479479670524597,0.3452633321285248,0.0266666666666666,0.1827104836702346,3,3.204429864883423
dev-p04-pedal-s1,4,pedal,1,38,0.3769115209579468,0.0,0.0,0.3467661440372467,0.24817387759685516,0.2186808884143829,0.0,0.2137919068336486,3,3.196265697479248
dev-p04-pedal-s1,4,pedal,1,42,0.4500856697559356,0.0,0.0,0.2722759544849396,0.2611733078956604,0.1901703774929046,0.0,0.2253459393978119,3,3.1958611011505127
dev-p04-pedal-s1,4,pedal,1,46,0.4646446704864502,0.0,0.0,0.254859447479248,0.25286173820495605,0.2153097242116928,0.0,0.2092567682266235,3,3.193228006362915
dev-p04-zigzag-s0,4,zigzag,0,-1,,0.2925170068027211,0.1272727272727272,0.3690858781337738,0.2985076904296875,0.0,0.0,0.3372585475444793,0,
dev-p04-zigzag-s0,4,zigzag,0,2,0.3201896548271179,0.2433862433862433,0.1454545454545454,0.4064206779003143,0.25682365894317627,0.0993813574314117,0.0,0.3188154101371765,3,3.198725461959839
dev-p04-zigzag-s0,4,zigzag,0,6,0.3135582208633423,0.2555555555555555,0.1481481481481481,0.4069716930389404,0.27140069007873535,0.106953926384449,0.0,0.3164419531822204,3,3.188356399536133
dev-p04-zigzag-s0,4,zigzag,0,10,0.2870846092700958,0.2621951219512195,0.1636363636363636,0.4182818233966827,0.2650403380393982,0.1532301157712936,0.0,0.3037230968475342,3,3.199901342391968
dev-p04-zigzag-s0,4,zigzag,0,14,0.288553923368454,0.1675675675675675,0.1428571428571428,0.4313791990280151,0.25661545991897583,0.1870292425155639,0.0,0.2980572879314422,3,3.2047343254089355
dev-p04-zigzag-s0,4,zigzag,0,18,0.3054849207401275,0.2432432432432432,0.2580645161290322,0.4530653059482574,0.22680851817131042,0.2798567116260528,0.1290322580645161,0.2752973735332489,3,3.198168992996216
dev-p04-zigzag-s0,4,zigzag,0,22,0.2893737256526947,0.3504273504273504,0.3809523809523809,0.458977997303009,0.2296009659767151,0.3483822345733642,0.3809523809523809,0.2623966038227081,3,3.204774856567383
dev-p04-zigzag-s0,4,zigzag,0,26,0.2713146209716797,0.4375,0.3684210526315789,0.4668237566947937,0.22334282100200653,0.4168104529380798,0.2456140350877192,0.2426045686006546,3,3.207391262054444
dev-p04-zigzag-s0,4,zigzag,0,30,0.3127049207687378,0.2925170068027211,0.1975308641975308,0.4702551960945129,0.22498786449432373,0.2884272933006286,0.0,0.2455842941999435,3,3.1744377613067627
dev-p04-zigzag-s0,4,zigzag,0,34,0.3435401916503906,0.2986111111111111,0.2156862745098039,0.4773196280002594,0.23174390196800232,0.2685856223106384,0.0,0.2409511804580688,3,3.2006261348724365
dev-p04-zigzag-s0,4,zigzag,0,38,0.4321083724498749,0.2810457516339869,0.2156862745098039,0.4701815843582153,0.23833808302879333,0.2130910903215408,0.0,0.2351618111133575,3,3.1792542934417725
dev-p04-zigzag-s0,4,zigzag,0,42,0.5012154579162598,0.2402234636871508,0.2179487179487179,0.4513849318027496,0.2154729664325714,0.1605133414268493,0.0,0.2207898795604705,3,3.1832733154296875
dev-p04-zigzag-s0,4,zigzag,0,46,0.5210716128349304,0.2396694214876033,0.2179487179487179,0.4551467895507812,0.24119380116462708,0.1722692847251892,0.0,0.2025584280490875,3,3.2006728649139404
dev-p04-zigzag-s1,4,zigzag,1,-1,,0.2077922077922078,0.2289156626506024,0.3254162669181824,0.24920666217803955,0.0,0.0,0.3472115099430084,0,
dev-p04-zigzag-s1,4,zigzag,1,2,0.2932208478450775,0.0687285223367697,0.0909090909090909,0.3427785336971283,0.2635837495326996,0.3985892534255981,0.0,0.2652827501296997,3,3.1835532188415527
dev-p04-zigzag-s1,4,zigzag,1,6,0.288763165473938,0.1540697674418604,0.1428571428571428,0.3277258574962616,0.29948607087135315,0.634784460067749,0.1071428571428571,0.2960070073604584,3,3.187180995941162
dev-p04-zigzag-s1,4,zigzag,1,10,0.2959811985492706,0.1395348837209302,0.1176470588235294,0.316498726606369,0.2917752265930176,0.7356258630752563,0.1294117647058823,0.30589559674263,3,3.183530330657959
dev-p04-zigzag-s1,4,zigzag,1,14,0.2740279734134674,0.1075581395348837,0.0941176470588235,0.3123420774936676,0.29392585158348083,0.7390509843826294,0.1294117647058823,0.299197643995285,3,3.1832287311553955
dev-p04-zigzag-s1,4,zigzag,1,18,0.2828843891620636,0.1133720930232558,0.0963855421686747,0.318275511264801,0.2892914414405823,0.7754892706871033,0.1325301204819277,0.2938287556171417,3,3.1862664222717285
dev-p04-zigzag-s1,4,zigzag,1,22,0.2917459905147552,0.1124260355029585,0.0941176470588235,0.3284198939800262,0.286871075630188,0.8029026389122009,0.1294117647058823,0.280661791563034,3,3.190622329711914
dev-p04-zigzag-s1,4,zigzag,1,26,0.3033428192138672,0.2019867549668874,0.1204819277108433,0.3847217261791229,0.26803719997406006,0.5737254619598389,0.108433734939759,0.2261553108692169,3,3.1917033195495605
dev-p04-zigzag-s1,4,zigzag,1,30,0.3030157387256622,0.1524822695035461,0.1625,0.411540150642395,0.2928258180618286,0.3537019193172455,0.1375,0.2075404375791549,3,3.2110986709594727
dev-p04-zigzag-s1,4,zigzag,1,34,0.3184540271759033,0.2423312883435582,0.2558139534883721,0.3980847597122192,0.28392231464385986,0.2560988962650299,0.0,0.2622347772121429,3,3.209564447402954
dev-p04-zigzag-s1,4,zigzag,1,38,0.3769115209579468,0.2349206349206349,0.2289156626506024,0.3929190933704376,0.2622285485267639,0.1985354125499725,0.0,0.2431183755397796,3,3.2080271244049072
dev-p04-zigzag-s1,4,zigzag,1,42,0.4500856697559356,0.2292993630573248,0.2317073170731707,0.3953816592693329,0.26491469144821167,0.1777118444442749,0.0,0.2259983569383621,3,3.1786019802093506
dev-p04-zigzag-s1,4,zigzag,1,46,0.4646446704864502,0.2285714285714285,0.2289156626506024,0.3994133472442627,0.2600451409816742,0.1858058720827102,0.0,0.2023477852344513,3,3.178342580795288
